game_id,role,player,metric,value,winner
001,Guard,Nhan,WIA,0.09999999999999998,Werewolves
001,Witch,Cong,WIA,0.19999999999999998,Werewolves
001,Villager,Nam,WIA,0.09999999999999998,Werewolves
001,Villager,Jin,WIA,0.09999999999999998,Werewolves
001,Seer,Hoang,WIA,0.09999999999999998,Werewolves
001,Guard,Nhan,Brier,0.25,Werewolves
001,Witch,Cong,Brier,0.4458333333333333,Werewolves
001,Villager,Nam,Brier,0.5241666666666667,Werewolves
001,Villager,Jin,Brier,0.5120833333333333,Werewolves
001,Seer,Hoang,Brier,0.25,Werewolves
001,Witch,Cong,VotePrecision,0.0,Werewolves
001,Villager,Nam,VotePrecision,0.0,Werewolves
001,Villager,Jin,VotePrecision,0.0,Werewolves
001,Seer,Hoang,VotePrecision,1.0,Werewolves
001,AllVillagers,round_1,WolfVoteShare,0.25,Werewolves
001,Werewolf,Riley,WolfVotePrecision,1.0,Werewolves
001,Werewolf,Meg,WolfVotePrecision,1.0,Werewolves
002,Witch,Nhan,WIA,0.19999999999999998,Werewolves
002,Villager,Cong,WIA,0.09999999999999998,Werewolves
002,Villager,Nam,WIA,0.3,Werewolves
002,Seer,Jin,WIA,0.09999999999999998,Werewolves
002,Guard,Hoang,WIA,0.24999999999999997,Werewolves
002,Witch,Nhan,Brier,0.4275,Werewolves
002,Villager,Cong,Brier,0.25,Werewolves
002,Villager,Nam,Brier,0.41958333333333336,Werewolves
002,Seer,Jin,Brier,0.25,Werewolves
002,Guard,Hoang,Brier,0.46458333333333335,Werewolves
002,Guard,Hoang,ConvergenceRound,2.0,Werewolves
002,Witch,Nhan,ConvergenceRound,2.0,Werewolves
002,Villager,Nam,ConvergenceRound,2.0,Werewolves
002,Witch,Nhan,VotePrecision,0.0,Werewolves
002,Villager,Nam,VotePrecision,0.0,Werewolves
002,Seer,Jin,VotePrecision,1.0,Werewolves
002,Guard,Hoang,VotePrecision,0.0,Werewolves
002,AllVillagers,round_1,WolfVoteShare,0.25,Werewolves
002,Werewolf,Riley,WolfVotePrecision,1.0,Werewolves
002,Werewolf,Meg,WolfVotePrecision,1.0,Werewolves
003,Villager,Nhan,WIA,0.09999999999999998,Werewolves
003,Villager,Cong,WIA,0.19999999999999998,Werewolves
003,Seer,Nam,WIA,0.3,Werewolves
003,Guard,Jin,WIA,0.09999999999999998,Werewolves
003,Witch,Hoang,WIA,0.19999999999999998,Werewolves
003,Villager,Nhan,Brier,0.25,Werewolves
003,Villager,Cong,Brier,0.4258333333333333,Werewolves
003,Seer,Nam,Brier,0.30333333333333334,Werewolves
003,Guard,Jin,Brier,0.25,Werewolves
003,Witch,Hoang,Brier,0.4838166666666666,Werewolves
003,Witch,Hoang,ConvergenceRound,2.0,Werewolves
003,Seer,Nam,ConvergenceRound,2.0,Werewolves
003,Villager,Cong,VotePrecision,0.0,Werewolves
003,Seer,Nam,VotePrecision,0.0,Werewolves
003,Guard,Jin,VotePrecision,1.0,Werewolves
003,Witch,Hoang,VotePrecision,1.0,Werewolves
003,AllVillagers,round_1,WolfVoteShare,0.5,Werewolves
003,Werewolf,Riley,WolfVotePrecision,1.0,Werewolves
003,Werewolf,Meg,WolfVotePrecision,1.0,Werewolves
004,Villager,Nhan,WIA,0.09999999999999998,Werewolves
004,Seer,Cong,WIA,0.39999999999999997,Werewolves
004,Guard,Nam,WIA,0.15,Werewolves
004,Witch,Jin,WIA,0.09999999999999998,Werewolves
004,Villager,Hoang,WIA,0.39999999999999997,Werewolves
004,Villager,Nhan,Brier,0.25,Werewolves
004,Seer,Cong,Brier,0.2575,Werewolves
004,Guard,Nam,Brier,0.4891666666666667,Werewolves
004,Witch,Jin,Brier,0.25,Werewolves
004,Villager,Hoang,Brier,0.3283333333333333,Werewolves
004,Seer,Cong,ConvergenceRound,2.0,Werewolves
004,Villager,Hoang,ConvergenceRound,2.0,Werewolves
004,Seer,Cong,VotePrecision,0.5,Werewolves
004,Guard,Nam,VotePrecision,0.5,Werewolves
004,Witch,Jin,VotePrecision,1.0,Werewolves
004,Villager,Hoang,VotePrecision,0.0,Werewolves
004,AllVillagers,round_1,WolfVoteShare,0.25,Werewolves
004,AllVillagers,round_2,WolfVoteShare,0.6666666666666666,Werewolves
004,Werewolf,Riley,WolfVotePrecision,1.0,Werewolves
004,Werewolf,Meg,WolfVotePrecision,1.0,Werewolves
005,Seer,Nhan,WIA,0.09999999999999998,Villagers
005,Guard,Cong,WIA,0.5,Villagers
005,Witch,Nam,WIA,0.39999999999999997,Villagers
005,Villager,Jin,WIA,0.5,Villagers
005,Villager,Hoang,WIA,0.45,Villagers
005,Seer,Nhan,Brier,0.25,Villagers
005,Guard,Cong,Brier,0.1729166666666667,Villagers
005,Witch,Nam,Brier,0.27416666666666667,Villagers
005,Villager,Jin,Brier,0.20583333333333334,Villagers
005,Villager,Hoang,Brier,0.24583333333333335,Villagers
005,Guard,Cong,ConvergenceRound,2.0,Villagers
005,Villager,Hoang,ConvergenceRound,2.0,Villagers
005,Villager,Jin,ConvergenceRound,2.0,Villagers
005,Witch,Nam,ConvergenceRound,2.0,Villagers
005,Seer,Nhan,VotePrecision,1.0,Villagers
005,Guard,Cong,VotePrecision,1.0,Villagers
005,Witch,Nam,VotePrecision,0.5,Villagers
005,Villager,Jin,VotePrecision,0.5,Villagers
005,Villager,Hoang,VotePrecision,1.0,Villagers
005,AllVillagers,round_1,WolfVoteShare,0.6,Villagers
005,AllVillagers,round_2,WolfVoteShare,1.0,Villagers
005,Werewolf,Riley,WolfVotePrecision,1.0,Villagers
005,Werewolf,Meg,WolfVotePrecision,1.0,Villagers
006,Guard,Nhan,WIA,0.19999999999999998,Werewolves
006,Witch,Cong,WIA,0.09999999999999998,Werewolves
006,Villager,Nam,WIA,0.24999999999999997,Werewolves
006,Villager,Jin,WIA,0.24999999999999997,Werewolves
006,Seer,Hoang,WIA,0.09999999999999998,Werewolves
006,Guard,Nhan,Brier,0.3595833333333333,Werewolves
006,Witch,Cong,Brier,0.4075,Werewolves
006,Villager,Nam,Brier,0.31916666666666665,Werewolves
006,Villager,Jin,Brier,0.33291666666666664,Werewolves
006,Seer,Hoang,Brier,0.25,Werewolves
006,Villager,Nam,ConvergenceRound,2.0,Werewolves
006,Guard,Nhan,VotePrecision,0.0,Werewolves
006,Witch,Cong,VotePrecision,0.0,Werewolves
006,Villager,Nam,VotePrecision,0.5,Werewolves
006,Villager,Jin,VotePrecision,0.0,Werewolves
006,Seer,Hoang,VotePrecision,0.0,Werewolves
006,AllVillagers,round_1,WolfVoteShare,0.0,Werewolves
006,AllVillagers,round_2,WolfVoteShare,0.3333333333333333,Werewolves
006,Werewolf,Riley,WolfVotePrecision,1.0,Werewolves
006,Werewolf,Meg,WolfVotePrecision,1.0,Werewolves
007,Witch,Nhan,WIA,0.35000000000000003,Werewolves
007,Villager,Cong,WIA,0.09999999999999998,Werewolves
007,Villager,Nam,WIA,0.3333333333333333,Werewolves
007,Seer,Jin,WIA,0.35000000000000003,Werewolves
007,Guard,Hoang,WIA,0.4000000000000001,Werewolves
007,Witch,Nhan,Brier,0.29875,Werewolves
007,Villager,Cong,Brier,0.25,Werewolves
007,Villager,Nam,Brier,0.5275,Werewolves
007,Seer,Jin,Brier,0.27208333333333334,Werewolves
007,Guard,Hoang,Brier,0.44964999999999994,Werewolves
007,Guard,Hoang,ConvergenceRound,3.0,Werewolves
007,Witch,Nhan,ConvergenceRound,2.0,Werewolves
007,Seer,Jin,ConvergenceRound,2.0,Werewolves
007,Villager,Nam,ConvergenceRound,2.0,Werewolves
007,Witch,Nhan,VotePrecision,1.0,Werewolves
007,Villager,Nam,VotePrecision,0.5,Werewolves
007,Seer,Jin,VotePrecision,1.0,Werewolves
007,Guard,Hoang,VotePrecision,0.5,Werewolves
007,AllVillagers,round_1,WolfVoteShare,0.75,Werewolves
007,AllVillagers,round_2,WolfVoteShare,0.6666666666666666,Werewolves
007,Werewolf,Riley,WolfVotePrecision,1.0,Werewolves
007,Werewolf,Meg,WolfVotePrecision,1.0,Werewolves
008,Villager,Nhan,WIA,0.39999999999999997,Villagers
008,Villager,Cong,WIA,0.39999999999999997,Villagers
008,Seer,Nam,WIA,0.09999999999999998,Villagers
008,Guard,Jin,WIA,0.39999999999999997,Villagers
008,Witch,Hoang,WIA,0.24999999999999997,Villagers
008,Villager,Nhan,Brier,0.29708333333333337,Villagers
008,Villager,Cong,Brier,0.3,Villagers
008,Seer,Nam,Brier,0.25,Villagers
008,Guard,Jin,Brier,0.24083333333333334,Villagers
008,Witch,Hoang,Brier,0.3754166666666667,Villagers
008,Villager,Cong,ConvergenceRound,2.0,Villagers
008,Witch,Hoang,ConvergenceRound,2.0,Villagers
008,Villager,Nhan,ConvergenceRound,2.0,Villagers
008,Guard,Jin,ConvergenceRound,2.0,Villagers
008,Villager,Nhan,VotePrecision,0.0,Villagers
008,Villager,Cong,VotePrecision,0.0,Villagers
008,Seer,Nam,VotePrecision,1.0,Villagers
008,Guard,Jin,VotePrecision,0.5,Villagers
008,Witch,Hoang,VotePrecision,0.5,Villagers
008,AllVillagers,round_1,WolfVoteShare,0.2,Villagers
008,AllVillagers,round_2,WolfVoteShare,0.6666666666666666,Villagers
008,Werewolf,Riley,WolfVotePrecision,1.0,Villagers
008,Werewolf,Meg,WolfVotePrecision,1.0,Villagers
009,Villager,Nhan,WIA,0.09999999999999998,Werewolves
009,Seer,Cong,WIA,0.39999999999999997,Werewolves
009,Guard,Nam,WIA,0.3,Werewolves
009,Witch,Jin,WIA,0.39999999999999997,Werewolves
009,Villager,Hoang,WIA,0.3333333333333333,Werewolves
009,Villager,Nhan,Brier,0.25,Werewolves
009,Seer,Cong,Brier,0.20583333333333334,Werewolves
009,Guard,Nam,Brier,0.27291666666666664,Werewolves
009,Witch,Jin,Brier,0.39083333333333337,Werewolves
009,Villager,Hoang,Brier,0.6062500000000001,Werewolves
009,Seer,Cong,ConvergenceRound,2.0,Werewolves
009,Villager,Hoang,ConvergenceRound,2.0,Werewolves
009,Witch,Jin,ConvergenceRound,2.0,Werewolves
009,Guard,Nam,ConvergenceRound,2.0,Werewolves
009,Villager,Nhan,VotePrecision,1.0,Werewolves
009,Seer,Cong,VotePrecision,0.0,Werewolves
009,Guard,Nam,VotePrecision,1.0,Werewolves
009,Witch,Jin,VotePrecision,0.0,Werewolves
009,Villager,Hoang,VotePrecision,0.0,Werewolves
009,AllVillagers,round_1,WolfVoteShare,0.4,Werewolves
009,AllVillagers,round_2,WolfVoteShare,0.0,Werewolves
009,Werewolf,Riley,WolfVotePrecision,1.0,Werewolves
009,Werewolf,Meg,WolfVotePrecision,1.0,Werewolves
010,Seer,Nhan,WIA,0.5,Werewolves
010,Guard,Cong,WIA,0.3333333333333333,Werewolves
010,Witch,Nam,WIA,0.09999999999999998,Werewolves
010,Villager,Jin,WIA,0.3,Werewolves
010,Villager,Hoang,WIA,0.3333333333333333,Werewolves
010,Seer,Nhan,Brier,0.14375000000000002,Werewolves
010,Guard,Cong,Brier,0.5496,Werewolves
010,Witch,Nam,Brier,0.25,Werewolves
010,Villager,Jin,Brier,0.47258333333333336,Werewolves
010,Villager,Hoang,Brier,0.5479166666666667,Werewolves
010,Guard,Cong,ConvergenceRound,2.0,Werewolves
010,Villager,Hoang,ConvergenceRound,2.0,Werewolves
010,Seer,Nhan,ConvergenceRound,2.0,Werewolves
010,Villager,Jin,ConvergenceRound,2.0,Werewolves
010,Seer,Nhan,VotePrecision,1.0,Werewolves
010,Guard,Cong,VotePrecision,0.5,Werewolves
010,Witch,Nam,VotePrecision,1.0,Werewolves
010,Villager,Jin,VotePrecision,0.3333333333333333,Werewolves
010,Villager,Hoang,VotePrecision,0.3333333333333333,Werewolves
010,AllVillagers,round_1,WolfVoteShare,0.4,Werewolves
010,AllVillagers,round_2,WolfVoteShare,1.0,Werewolves
010,AllVillagers,round_3,WolfVoteShare,0.0,Werewolves
010,Werewolf,Riley,WolfVotePrecision,1.0,Werewolves
010,Werewolf,Meg,WolfVotePrecision,1.0,Werewolves
011,Guard,Nhan,WIA,0.09999999999999998,Werewolves
011,Witch,Cong,WIA,0.09999999999999998,Werewolves
011,Villager,Nam,WIA,0.09999999999999998,Werewolves
011,Villager,Jin,WIA,0.3,Werewolves
011,Seer,Hoang,WIA,0.19999999999999998,Werewolves
011,Guard,Nhan,Brier,0.25,Werewolves
011,Witch,Cong,Brier,0.25,Werewolves
011,Villager,Nam,Brier,0.5320833333333334,Werewolves
011,Villager,Jin,Brier,0.41250000000000003,Werewolves
011,Seer,Hoang,Brier,0.37916666666666665,Werewolves
011,Witch,Cong,VotePrecision,0.0,Werewolves
011,Villager,Nam,VotePrecision,0.0,Werewolves
011,Villager,Jin,VotePrecision,0.0,Werewolves
011,Seer,Hoang,VotePrecision,0.0,Werewolves
011,AllVillagers,round_1,WolfVoteShare,0.0,Werewolves
011,Werewolf,Riley,WolfVotePrecision,1.0,Werewolves
011,Werewolf,Meg,WolfVotePrecision,1.0,Werewolves
012,Witch,Nhan,WIA,0.25,Werewolves
012,Villager,Cong,WIA,0.09999999999999998,Werewolves
012,Villager,Nam,WIA,0.3666666666666667,Werewolves
012,Seer,Jin,WIA,0.3,Werewolves
012,Guard,Hoang,WIA,0.42500000000000004,Werewolves
012,Witch,Nhan,Brier,0.5771666666666667,Werewolves
012,Villager,Cong,Brier,0.25,Werewolves
012,Villager,Nam,Brier,0.34793333333333337,Werewolves
012,Seer,Jin,Brier,0.2920833333333333,Werewolves
012,Guard,Hoang,Brier,0.35751666666666665,Werewolves
012,Guard,Hoang,ConvergenceRound,2.0,Werewolves
012,Witch,Nhan,ConvergenceRound,2.0,Werewolves
012,Seer,Jin,ConvergenceRound,2.0,Werewolves
012,Villager,Nam,ConvergenceRound,2.0,Werewolves
012,Witch,Nhan,VotePrecision,0.3333333333333333,Werewolves
012,Villager,Nam,VotePrecision,0.3333333333333333,Werewolves
012,Seer,Jin,VotePrecision,0.5,Werewolves
012,Guard,Hoang,VotePrecision,0.3333333333333333,Werewolves
012,AllVillagers,round_1,WolfVoteShare,1.0,Werewolves
012,AllVillagers,round_2,WolfVoteShare,0.0,Werewolves
012,AllVillagers,round_3,WolfVoteShare,0.0,Werewolves
012,Werewolf,Riley,WolfVotePrecision,1.0,Werewolves
012,Werewolf,Meg,WolfVotePrecision,1.0,Werewolves
013,Villager,Nhan,WIA,0.09999999999999998,Werewolves
013,Villager,Cong,WIA,0.3,Werewolves
013,Seer,Nam,WIA,0.09999999999999998,Werewolves
013,Guard,Jin,WIA,0.09999999999999998,Werewolves
013,Witch,Hoang,WIA,0.09999999999999998,Werewolves
013,Villager,Nhan,Brier,0.36624999999999996,Werewolves
013,Villager,Cong,Brier,0.31708333333333333,Werewolves
013,Seer,Nam,Brier,0.25,Werewolves
013,Guard,Jin,Brier,0.39625,Werewolves
013,Witch,Hoang,Brier,0.42375,Werewolves
013,Villager,Nhan,VotePrecision,0.0,Werewolves
013,Villager,Cong,VotePrecision,0.0,Werewolves
013,Seer,Nam,VotePrecision,0.0,Werewolves
013,Guard,Jin,VotePrecision,0.0,Werewolves
013,Witch,Hoang,VotePrecision,0.0,Werewolves
013,AllVillagers,round_1,WolfVoteShare,0.0,Werewolves
013,Werewolf,Riley,WolfVotePrecision,1.0,Werewolves
013,Werewolf,Meg,WolfVotePrecision,1.0,Werewolves
014,Villager,Nhan,WIA,0.09999999999999998,Werewolves
014,Seer,Cong,WIA,0.19999999999999998,Werewolves
014,Guard,Nam,WIA,0.09999999999999998,Werewolves
014,Witch,Jin,WIA,0.09999999999999998,Werewolves
014,Villager,Hoang,WIA,0.09999999999999998,Werewolves
014,Villager,Nhan,Brier,0.25,Werewolves
014,Seer,Cong,Brier,0.3905666666666667,Werewolves
014,Guard,Nam,Brier,0.5645833333333333,Werewolves
014,Witch,Jin,Brier,0.25,Werewolves
014,Villager,Hoang,Brier,0.5204166666666666,Werewolves
014,Seer,Cong,VotePrecision,0.0,Werewolves
014,Guard,Nam,VotePrecision,0.0,Werewolves
014,Witch,Jin,VotePrecision,0.0,Werewolves
014,Villager,Hoang,VotePrecision,0.0,Werewolves
014,AllVillagers,round_1,WolfVoteShare,0.0,Werewolves
014,Werewolf,Riley,WolfVotePrecision,1.0,Werewolves
014,Werewolf,Meg,WolfVotePrecision,1.0,Werewolves
015,Seer,Nhan,WIA,0.09999999999999998,Werewolves
015,Guard,Cong,WIA,0.19999999999999998,Werewolves
015,Witch,Nam,WIA,0.3,Werewolves
015,Villager,Jin,WIA,0.19999999999999996,Werewolves
015,Villager,Hoang,WIA,0.36666666666666664,Werewolves
015,Seer,Nhan,Brier,0.25,Werewolves
015,Guard,Cong,Brier,0.6262666666666666,Werewolves
015,Witch,Nam,Brier,0.3125,Werewolves
015,Villager,Jin,Brier,0.6569166666666667,Werewolves
015,Villager,Hoang,Brier,0.46835,Werewolves
015,Guard,Cong,ConvergenceRound,2.0,Werewolves
015,Villager,Hoang,ConvergenceRound,3.0,Werewolves
015,Witch,Nam,ConvergenceRound,2.0,Werewolves
015,Seer,Nhan,VotePrecision,1.0,Werewolves
015,Guard,Cong,VotePrecision,0.5,Werewolves
015,Witch,Nam,VotePrecision,0.5,Werewolves
015,Villager,Jin,VotePrecision,0.0,Werewolves
015,Villager,Hoang,VotePrecision,0.0,Werewolves
015,AllVillagers,round_1,WolfVoteShare,0.6,Werewolves
015,AllVillagers,round_2,WolfVoteShare,0.0,Werewolves
015,AllVillagers,round_3,WolfVoteShare,0.0,Werewolves
015,Werewolf,Riley,WolfVotePrecision,1.0,Werewolves
015,Werewolf,Meg,WolfVotePrecision,1.0,Werewolves
016,Guard,Nhan,WIA,0.09999999999999998,Werewolves
016,Witch,Cong,WIA,0.09999999999999998,Werewolves
016,Villager,Nam,WIA,0.19999999999999998,Werewolves
016,Villager,Jin,WIA,0.19999999999999998,Werewolves
016,Seer,Hoang,WIA,0.09999999999999998,Werewolves
016,Guard,Nhan,Brier,0.25,Werewolves
016,Witch,Cong,Brier,0.48666666666666664,Werewolves
016,Villager,Nam,Brier,0.47541666666666665,Werewolves
016,Villager,Jin,Brier,0.3334,Werewolves
016,Seer,Hoang,Brier,0.25,Werewolves
016,Witch,Cong,VotePrecision,0.0,Werewolves
016,Villager,Nam,VotePrecision,0.0,Werewolves
016,Villager,Jin,VotePrecision,0.0,Werewolves
016,Seer,Hoang,VotePrecision,0.0,Werewolves
016,AllVillagers,round_1,WolfVoteShare,0.0,Werewolves
016,Werewolf,Riley,WolfVotePrecision,1.0,Werewolves
016,Werewolf,Meg,WolfVotePrecision,1.0,Werewolves
017,Witch,Nhan,WIA,0.09999999999999998,Werewolves
017,Villager,Cong,WIA,0.09999999999999998,Werewolves
017,Villager,Nam,WIA,0.09999999999999998,Werewolves
017,Seer,Jin,WIA,0.2333333333333333,Werewolves
017,Guard,Hoang,WIA,0.2333333333333333,Werewolves
017,Witch,Nhan,Brier,0.25,Werewolves
017,Villager,Cong,Brier,0.25,Werewolves
017,Villager,Nam,Brier,0.5154333333333333,Werewolves
017,Seer,Jin,Brier,0.4091666666666667,Werewolves
017,Guard,Hoang,Brier,0.5337666666666666,Werewolves
017,Witch,Nhan,VotePrecision,0.0,Werewolves
017,Villager,Nam,VotePrecision,0.0,Werewolves
017,Seer,Jin,VotePrecision,0.0,Werewolves
017,Guard,Hoang,VotePrecision,0.0,Werewolves
017,AllVillagers,round_1,WolfVoteShare,0.0,Werewolves
017,AllVillagers,round_2,WolfVoteShare,0.0,Werewolves
017,Werewolf,Riley,WolfVotePrecision,1.0,Werewolves
017,Werewolf,Meg,WolfVotePrecision,1.0,Werewolves
018,Villager,Nhan,WIA,0.09999999999999998,Werewolves
018,Villager,Cong,WIA,0.09999999999999998,Werewolves
018,Seer,Nam,WIA,0.09999999999999998,Werewolves
018,Guard,Jin,WIA,0.09999999999999998,Werewolves
018,Witch,Hoang,WIA,0.09999999999999998,Werewolves
018,Villager,Nhan,Brier,0.42375,Werewolves
018,Villager,Cong,Brier,0.5041666666666667,Werewolves
018,Seer,Nam,Brier,0.25,Werewolves
018,Guard,Jin,Brier,0.4354166666666666,Werewolves
018,Witch,Hoang,Brier,0.42375,Werewolves
018,Villager,Nhan,VotePrecision,0.0,Werewolves
018,Villager,Cong,VotePrecision,0.0,Werewolves
018,Seer,Nam,VotePrecision,0.0,Werewolves
018,Guard,Jin,VotePrecision,0.0,Werewolves
018,Witch,Hoang,VotePrecision,0.0,Werewolves
018,AllVillagers,round_1,WolfVoteShare,0.0,Werewolves
018,AllVillagers,round_2,WolfVoteShare,0.0,Werewolves
018,Werewolf,Riley,WolfVotePrecision,1.0,Werewolves
018,Werewolf,Meg,WolfVotePrecision,1.0,Werewolves
019,Villager,Nhan,WIA,0.09999999999999998,Werewolves
019,Seer,Cong,WIA,0.09999999999999998,Werewolves
019,Guard,Nam,WIA,0.19999999999999998,Werewolves
019,Witch,Jin,WIA,0.09999999999999998,Werewolves
019,Villager,Hoang,WIA,0.19999999999999998,Werewolves
019,Villager,Nhan,Brier,0.6024999999999999,Werewolves
019,Seer,Cong,Brier,0.25,Werewolves
019,Guard,Nam,Brier,0.49041666666666667,Werewolves
019,Witch,Jin,Brier,0.25,Werewolves
019,Villager,Hoang,Brier,0.44166666666666665,Werewolves
019,Villager,Nhan,VotePrecision,0.0,Werewolves
019,Guard,Nam,VotePrecision,0.0,Werewolves
019,Witch,Jin,VotePrecision,0.0,Werewolves
019,Villager,Hoang,VotePrecision,0.0,Werewolves
019,AllVillagers,round_1,WolfVoteShare,0.0,Werewolves
019,Werewolf,Riley,WolfVotePrecision,1.0,Werewolves
019,Werewolf,Meg,WolfVotePrecision,1.0,Werewolves
020,Seer,Nhan,WIA,0.09999999999999998,Werewolves
020,Guard,Cong,WIA,0.09999999999999998,Werewolves
020,Witch,Nam,WIA,0.09999999999999998,Werewolves
020,Villager,Jin,WIA,0.09999999999999998,Werewolves
020,Villager,Hoang,WIA,0.19999999999999998,Werewolves
020,Seer,Nhan,Brier,0.25,Werewolves
020,Guard,Cong,Brier,0.42375,Werewolves
020,Witch,Nam,Brier,0.39875,Werewolves
020,Villager,Jin,Brier,0.4595833333333333,Werewolves
020,Villager,Hoang,Brier,0.3804166666666667,Werewolves
020,Seer,Nhan,VotePrecision,0.0,Werewolves
020,Guard,Cong,VotePrecision,0.0,Werewolves
020,Witch,Nam,VotePrecision,0.0,Werewolves
020,Villager,Jin,VotePrecision,0.0,Werewolves
020,Villager,Hoang,VotePrecision,0.0,Werewolves
020,AllVillagers,round_1,WolfVoteShare,0.0,Werewolves
020,Werewolf,Riley,WolfVotePrecision,1.0,Werewolves
020,Werewolf,Meg,WolfVotePrecision,1.0,Werewolves
021,Guard,Nhan,WIA,0.09999999999999998,Werewolves
021,Witch,Cong,WIA,0.19999999999999998,Werewolves
021,Villager,Nam,WIA,0.19999999999999998,Werewolves
021,Villager,Jin,WIA,0.09999999999999998,Werewolves
021,Seer,Hoang,WIA,0.09999999999999998,Werewolves
021,Guard,Nhan,Brier,0.47583333333333333,Werewolves
021,Witch,Cong,Brier,0.3175,Werewolves
021,Villager,Nam,Brier,0.44875,Werewolves
021,Villager,Jin,Brier,0.36166666666666664,Werewolves
021,Seer,Hoang,Brier,0.25,Werewolves
021,Guard,Nhan,VotePrecision,0.0,Werewolves
021,Witch,Cong,VotePrecision,0.0,Werewolves
021,Villager,Nam,VotePrecision,0.0,Werewolves
021,Villager,Jin,VotePrecision,0.0,Werewolves
021,Seer,Hoang,VotePrecision,0.0,Werewolves
021,AllVillagers,round_1,WolfVoteShare,0.0,Werewolves
021,AllVillagers,round_2,WolfVoteShare,0.0,Werewolves
021,Werewolf,Riley,WolfVotePrecision,1.0,Werewolves
021,Werewolf,Meg,WolfVotePrecision,1.0,Werewolves
022,Witch,Nhan,WIA,0.09999999999999998,Werewolves
022,Villager,Cong,WIA,0.09999999999999998,Werewolves
022,Villager,Nam,WIA,0.09999999999999998,Werewolves
022,Seer,Jin,WIA,0.19999999999999998,Werewolves
022,Guard,Hoang,WIA,0.09999999999999998,Werewolves
022,Witch,Nhan,Brier,0.5671499999999999,Werewolves
022,Villager,Cong,Brier,0.25,Werewolves
022,Villager,Nam,Brier,0.25,Werewolves
022,Seer,Jin,Brier,0.44006666666666666,Werewolves
022,Guard,Hoang,Brier,0.5454833333333333,Werewolves
022,Witch,Nhan,VotePrecision,0.0,Werewolves
022,Villager,Nam,VotePrecision,0.0,Werewolves
022,Seer,Jin,VotePrecision,0.0,Werewolves
022,Guard,Hoang,VotePrecision,0.0,Werewolves
022,AllVillagers,round_1,WolfVoteShare,0.0,Werewolves
022,Werewolf,Riley,WolfVotePrecision,1.0,Werewolves
022,Werewolf,Meg,WolfVotePrecision,1.0,Werewolves
023,Villager,Nhan,WIA,0.09999999999999998,Werewolves
023,Villager,Cong,WIA,0.09999999999999998,Werewolves
023,Seer,Nam,WIA,0.09999999999999998,Werewolves
023,Guard,Jin,WIA,0.09999999999999998,Werewolves
023,Witch,Hoang,WIA,0.09999999999999998,Werewolves
023,Villager,Nhan,Brier,0.36874999999999997,Werewolves
023,Villager,Cong,Brier,0.4083333333333334,Werewolves
023,Seer,Nam,Brier,0.25,Werewolves
023,Guard,Jin,Brier,0.49006666666666665,Werewolves
023,Witch,Hoang,Brier,0.4475,Werewolves
023,Villager,Nhan,VotePrecision,0.0,Werewolves
023,Villager,Cong,VotePrecision,0.0,Werewolves
023,Seer,Nam,VotePrecision,0.0,Werewolves
023,Guard,Jin,VotePrecision,0.0,Werewolves
023,Witch,Hoang,VotePrecision,0.0,Werewolves
023,AllVillagers,round_1,WolfVoteShare,0.0,Werewolves
023,Werewolf,Riley,WolfVotePrecision,1.0,Werewolves
023,Werewolf,Meg,WolfVotePrecision,1.0,Werewolves
024,Villager,Nhan,WIA,0.09999999999999998,Werewolves
024,Seer,Cong,WIA,0.09999999999999998,Werewolves
024,Guard,Nam,WIA,0.09999999999999998,Werewolves
024,Witch,Jin,WIA,0.09999999999999998,Werewolves
024,Villager,Hoang,WIA,0.09999999999999998,Werewolves
024,Villager,Nhan,Brier,0.25,Werewolves
024,Seer,Cong,Brier,0.25,Werewolves
024,Guard,Nam,Brier,0.5183333333333333,Werewolves
024,Witch,Jin,Brier,0.4741666666666667,Werewolves
024,Villager,Hoang,Brier,0.5645833333333333,Werewolves
024,Seer,Cong,VotePrecision,0.0,Werewolves
024,Guard,Nam,VotePrecision,0.0,Werewolves
024,Witch,Jin,VotePrecision,0.0,Werewolves
024,Villager,Hoang,VotePrecision,0.0,Werewolves
024,AllVillagers,round_1,WolfVoteShare,0.0,Werewolves
024,Werewolf,Riley,WolfVotePrecision,1.0,Werewolves
024,Werewolf,Meg,WolfVotePrecision,1.0,Werewolves
025,Seer,Nhan,WIA,0.19999999999999998,Werewolves
025,Guard,Cong,WIA,0.09999999999999998,Werewolves
025,Witch,Nam,WIA,0.09999999999999998,Werewolves
025,Villager,Jin,WIA,0.19999999999999998,Werewolves
025,Villager,Hoang,WIA,0.09999999999999998,Werewolves
025,Seer,Nhan,Brier,0.41006666666666663,Werewolves
025,Guard,Cong,Brier,0.4114,Werewolves
025,Witch,Nam,Brier,0.25,Werewolves
025,Villager,Jin,Brier,0.33916666666666667,Werewolves
025,Villager,Hoang,Brier,0.42083333333333334,Werewolves
025,Seer,Nhan,VotePrecision,0.0,Werewolves
025,Guard,Cong,VotePrecision,0.0,Werewolves
025,Witch,Nam,VotePrecision,0.0,Werewolves
025,Villager,Jin,VotePrecision,0.0,Werewolves
025,Villager,Hoang,VotePrecision,0.0,Werewolves
025,AllVillagers,round_1,WolfVoteShare,0.0,Werewolves
025,AllVillagers,round_2,WolfVoteShare,0.0,Werewolves
025,Werewolf,Riley,WolfVotePrecision,1.0,Werewolves
025,Werewolf,Meg,WolfVotePrecision,1.0,Werewolves
026,Guard,Nhan,WIA,0.09999999999999998,Werewolves
026,Witch,Cong,WIA,0.09999999999999998,Werewolves
026,Villager,Nam,WIA,0.19999999999999998,Werewolves
026,Villager,Jin,WIA,0.19999999999999998,Werewolves
026,Seer,Hoang,WIA,0.09999999999999998,Werewolves
026,Guard,Nhan,Brier,0.39875,Werewolves
026,Witch,Cong,Brier,0.45208333333333334,Werewolves
026,Villager,Nam,Brier,0.3658333333333333,Werewolves
026,Villager,Jin,Brier,0.3641666666666667,Werewolves
026,Seer,Hoang,Brier,0.25,Werewolves
026,Guard,Nhan,VotePrecision,0.0,Werewolves
026,Witch,Cong,VotePrecision,0.0,Werewolves
026,Villager,Nam,VotePrecision,0.0,Werewolves
026,Villager,Jin,VotePrecision,0.0,Werewolves
026,Seer,Hoang,VotePrecision,0.0,Werewolves
026,AllVillagers,round_1,WolfVoteShare,0.0,Werewolves
026,AllVillagers,round_2,WolfVoteShare,0.0,Werewolves
026,Werewolf,Meg,WolfVotePrecision,1.0,Werewolves
026,Werewolf,Riley,WolfVotePrecision,1.0,Werewolves
027,Witch,Nhan,WIA,0.19999999999999998,Werewolves
027,Villager,Cong,WIA,0.09999999999999998,Werewolves
027,Villager,Nam,WIA,0.09999999999999998,Werewolves
027,Seer,Jin,WIA,0.09999999999999998,Werewolves
027,Guard,Hoang,WIA,0.19999999999999998,Werewolves
027,Witch,Nhan,Brier,0.48666666666666664,Werewolves
027,Villager,Cong,Brier,0.25,Werewolves
027,Villager,Nam,Brier,0.5058333333333334,Werewolves
027,Seer,Jin,Brier,0.25,Werewolves
027,Guard,Hoang,Brier,0.5475,Werewolves
027,Witch,Nhan,VotePrecision,0.0,Werewolves
027,Villager,Nam,VotePrecision,0.0,Werewolves
027,Seer,Jin,VotePrecision,0.0,Werewolves
027,Guard,Hoang,VotePrecision,0.0,Werewolves
027,AllVillagers,round_1,WolfVoteShare,0.0,Werewolves
027,Werewolf,Riley,WolfVotePrecision,1.0,Werewolves
027,Werewolf,Meg,WolfVotePrecision,1.0,Werewolves
028,Villager,Nhan,WIA,0.19999999999999998,Werewolves
028,Villager,Cong,WIA,0.09999999999999998,Werewolves
028,Seer,Nam,WIA,0.09999999999999998,Werewolves
028,Guard,Jin,WIA,0.19999999999999998,Werewolves
028,Witch,Hoang,WIA,0.09999999999999998,Werewolves
028,Villager,Nhan,Brier,0.3541666666666667,Werewolves
028,Villager,Cong,Brier,0.40958333333333335,Werewolves
028,Seer,Nam,Brier,0.25,Werewolves
028,Guard,Jin,Brier,0.44375000000000003,Werewolves
028,Witch,Hoang,Brier,0.42083333333333334,Werewolves
028,Villager,Nhan,VotePrecision,0.0,Werewolves
028,Villager,Cong,VotePrecision,0.0,Werewolves
028,Seer,Nam,VotePrecision,0.0,Werewolves
028,Guard,Jin,VotePrecision,0.0,Werewolves
028,Witch,Hoang,VotePrecision,0.0,Werewolves
028,AllVillagers,round_1,WolfVoteShare,0.0,Werewolves
028,Werewolf,Riley,WolfVotePrecision,1.0,Werewolves
028,Werewolf,Meg,WolfVotePrecision,1.0,Werewolves
029,Villager,Nhan,WIA,0.09999999999999998,Werewolves
029,Seer,Cong,WIA,0.09999999999999998,Werewolves
029,Guard,Nam,WIA,0.19999999999999998,Werewolves
029,Witch,Jin,WIA,0.09999999999999998,Werewolves
029,Villager,Hoang,WIA,0.09999999999999998,Werewolves
029,Villager,Nhan,Brier,0.25,Werewolves
029,Seer,Cong,Brier,0.25,Werewolves
029,Guard,Nam,Brier,0.4895833333333333,Werewolves
029,Witch,Jin,Brier,0.5145833333333333,Werewolves
029,Villager,Hoang,Brier,0.5375,Werewolves
029,Seer,Cong,VotePrecision,0.0,Werewolves
029,Guard,Nam,VotePrecision,0.0,Werewolves
029,Witch,Jin,VotePrecision,0.0,Werewolves
029,Villager,Hoang,VotePrecision,0.0,Werewolves
029,AllVillagers,round_1,WolfVoteShare,0.0,Werewolves
029,Werewolf,Riley,WolfVotePrecision,1.0,Werewolves
029,Werewolf,Meg,WolfVotePrecision,1.0,Werewolves
030,Seer,Nhan,WIA,0.09999999999999998,Werewolves
030,Guard,Cong,WIA,0.09999999999999998,Werewolves
030,Witch,Nam,WIA,0.19999999999999998,Werewolves
030,Villager,Jin,WIA,0.19999999999999998,Werewolves
030,Villager,Hoang,WIA,0.09999999999999998,Werewolves
030,Seer,Nhan,Brier,0.25,Werewolves
030,Guard,Cong,Brier,0.25,Werewolves
030,Witch,Nam,Brier,0.44875,Werewolves
030,Villager,Jin,Brier,0.5275,Werewolves
030,Villager,Hoang,Brier,0.5204166666666666,Werewolves
030,Guard,Cong,VotePrecision,0.0,Werewolves
030,Witch,Nam,VotePrecision,0.0,Werewolves
030,Villager,Jin,VotePrecision,0.0,Werewolves
030,Villager,Hoang,VotePrecision,0.0,Werewolves
030,AllVillagers,round_1,WolfVoteShare,0.0,Werewolves
030,Werewolf,Riley,WolfVotePrecision,1.0,Werewolves
030,Werewolf,Meg,WolfVotePrecision,1.0,Werewolves
031,Guard,Nhan,WIA,0.19999999999999998,Werewolves
031,Witch,Cong,WIA,0.09999999999999998,Werewolves
031,Villager,Nam,WIA,0.26666666666666666,Werewolves
031,Villager,Jin,WIA,0.2333333333333333,Werewolves
031,Seer,Hoang,WIA,0.3,Werewolves
031,Guard,Nhan,Brier,0.5824166666666667,Werewolves
031,Witch,Cong,Brier,0.25,Werewolves
031,Villager,Nam,Brier,0.4854833333333333,Werewolves
031,Villager,Jin,Brier,0.6199833333333333,Werewolves
031,Seer,Hoang,Brier,0.3288166666666667,Werewolves
031,Seer,Hoang,ConvergenceRound,2.0,Werewolves
031,Guard,Nhan,ConvergenceRound,2.0,Werewolves
031,Villager,Jin,ConvergenceRound,3.0,Werewolves
031,Villager,Nam,ConvergenceRound,3.0,Werewolves
031,Guard,Nhan,VotePrecision,0.0,Werewolves
031,Witch,Cong,VotePrecision,0.0,Werewolves
031,Villager,Nam,VotePrecision,0.0,Werewolves
031,Villager,Jin,VotePrecision,0.0,Werewolves
031,Seer,Hoang,VotePrecision,0.5,Werewolves
031,AllVillagers,round_1,WolfVoteShare,0.0,Werewolves
031,AllVillagers,round_2,WolfVoteShare,0.25,Werewolves
031,Werewolf,Riley,WolfVotePrecision,1.0,Werewolves
031,Werewolf,Meg,WolfVotePrecision,1.0,Werewolves
032,Witch,Nhan,WIA,0.19999999999999998,Werewolves
032,Villager,Cong,WIA,0.09999999999999998,Werewolves
032,Villager,Nam,WIA,0.09999999999999998,Werewolves
032,Seer,Jin,WIA,0.19999999999999998,Werewolves
032,Guard,Hoang,WIA,0.09999999999999998,Werewolves
032,Witch,Nhan,Brier,0.48714999999999997,Werewolves
032,Villager,Cong,Brier,0.25,Werewolves
032,Villager,Nam,Brier,0.5445833333333333,Werewolves
032,Seer,Jin,Brier,0.44458333333333333,Werewolves
032,Guard,Hoang,Brier,0.25,Werewolves
032,Witch,Nhan,VotePrecision,0.0,Werewolves
032,Villager,Nam,VotePrecision,0.0,Werewolves
032,Seer,Jin,VotePrecision,0.0,Werewolves
032,Guard,Hoang,VotePrecision,0.0,Werewolves
032,AllVillagers,round_1,WolfVoteShare,0.0,Werewolves
032,Werewolf,Riley,WolfVotePrecision,1.0,Werewolves
032,Werewolf,Meg,WolfVotePrecision,1.0,Werewolves
033,Villager,Nhan,WIA,0.19999999999999998,Werewolves
033,Villager,Cong,WIA,0.2333333333333333,Werewolves
033,Seer,Nam,WIA,0.39999999999999997,Werewolves
033,Guard,Jin,WIA,0.2,Werewolves
033,Witch,Hoang,WIA,0.4333333333333333,Werewolves
033,Villager,Nhan,Brier,0.3458333333333334,Werewolves
033,Villager,Cong,Brier,0.5341666666666667,Werewolves
033,Seer,Nam,Brier,0.36000000000000004,Werewolves
033,Guard,Jin,Brier,0.66675,Werewolves
033,Witch,Hoang,Brier,0.38781666666666664,Werewolves
033,Villager,Cong,ConvergenceRound,2.0,Werewolves
033,Witch,Hoang,ConvergenceRound,2.0,Werewolves
033,Seer,Nam,ConvergenceRound,2.0,Werewolves
033,Villager,Nhan,VotePrecision,0.0,Werewolves
033,Villager,Cong,VotePrecision,0.5,Werewolves
033,Seer,Nam,VotePrecision,0.3333333333333333,Werewolves
033,Guard,Jin,VotePrecision,0.0,Werewolves
033,Witch,Hoang,VotePrecision,0.3333333333333333,Werewolves
033,AllVillagers,round_1,WolfVoteShare,0.6,Werewolves
033,AllVillagers,round_2,WolfVoteShare,0.0,Werewolves
033,AllVillagers,round_3,WolfVoteShare,0.0,Werewolves
033,Werewolf,Riley,WolfVotePrecision,1.0,Werewolves
033,Werewolf,Meg,WolfVotePrecision,1.0,Werewolves
034,Villager,Nhan,WIA,0.3,Werewolves
034,Seer,Cong,WIA,0.3666666666666667,Werewolves
034,Guard,Nam,WIA,0.09999999999999998,Werewolves
034,Witch,Jin,WIA,0.19999999999999998,Werewolves
034,Villager,Hoang,WIA,0.19999999999999998,Werewolves
034,Villager,Nhan,Brier,0.25499999999999995,Werewolves
034,Seer,Cong,Brier,0.5345833333333333,Werewolves
034,Guard,Nam,Brier,0.63155,Werewolves
034,Witch,Jin,Brier,0.3925,Werewolves
034,Villager,Hoang,Brier,0.4965833333333333,Werewolves
034,Seer,Cong,ConvergenceRound,2.0,Werewolves
034,Villager,Hoang,ConvergenceRound,2.0,Werewolves
034,Villager,Nhan,ConvergenceRound,2.0,Werewolves
034,Witch,Jin,ConvergenceRound,2.0,Werewolves
034,Villager,Nhan,VotePrecision,0.0,Werewolves
034,Seer,Cong,VotePrecision,0.0,Werewolves
034,Guard,Nam,VotePrecision,0.0,Werewolves
034,Witch,Jin,VotePrecision,0.0,Werewolves
034,Villager,Hoang,VotePrecision,0.3333333333333333,Werewolves
034,AllVillagers,round_1,WolfVoteShare,0.0,Werewolves
034,AllVillagers,round_2,WolfVoteShare,0.0,Werewolves
034,AllVillagers,round_3,WolfVoteShare,0.3333333333333333,Werewolves
034,Werewolf,Riley,WolfVotePrecision,1.0,Werewolves
034,Werewolf,Meg,WolfVotePrecision,1.0,Werewolves
035,Seer,Nhan,WIA,0.09999999999999998,Werewolves
035,Guard,Cong,WIA,0.09999999999999998,Werewolves
035,Witch,Nam,WIA,0.09999999999999998,Werewolves
035,Villager,Jin,WIA,0.09999999999999998,Werewolves
035,Villager,Hoang,WIA,0.09999999999999998,Werewolves
035,Seer,Nhan,Brier,0.25,Werewolves
035,Guard,Cong,Brier,0.25,Werewolves
035,Witch,Nam,Brier,0.5904833333333334,Werewolves
035,Villager,Jin,Brier,0.52215,Werewolves
035,Villager,Hoang,Brier,0.48,Werewolves
035,Guard,Cong,VotePrecision,0.0,Werewolves
035,Witch,Nam,VotePrecision,0.0,Werewolves
035,Villager,Jin,VotePrecision,0.0,Werewolves
035,Villager,Hoang,VotePrecision,0.0,Werewolves
035,AllVillagers,round_1,WolfVoteShare,0.0,Werewolves
035,Werewolf,Riley,WolfVotePrecision,1.0,Werewolves
035,Werewolf,Meg,WolfVotePrecision,1.0,Werewolves
036,Guard,Nhan,WIA,0.19999999999999998,Werewolves
036,Witch,Cong,WIA,0.09999999999999998,Werewolves
036,Villager,Nam,WIA,0.09999999999999998,Werewolves
036,Villager,Jin,WIA,0.3,Werewolves
036,Seer,Hoang,WIA,0.09999999999999998,Werewolves
036,Guard,Nhan,Brier,0.34043333333333337,Werewolves
036,Witch,Cong,Brier,0.3870833333333333,Werewolves
036,Villager,Nam,Brier,0.4475,Werewolves
036,Villager,Jin,Brier,0.32215,Werewolves
036,Seer,Hoang,Brier,0.25,Werewolves
036,Guard,Nhan,VotePrecision,0.0,Werewolves
036,Witch,Cong,VotePrecision,0.0,Werewolves
036,Villager,Nam,VotePrecision,0.0,Werewolves
036,Villager,Jin,VotePrecision,0.0,Werewolves
036,Seer,Hoang,VotePrecision,0.0,Werewolves
036,AllVillagers,round_1,WolfVoteShare,0.0,Werewolves
036,AllVillagers,round_2,WolfVoteShare,0.0,Werewolves
036,Werewolf,Riley,WolfVotePrecision,1.0,Werewolves
036,Werewolf,Meg,WolfVotePrecision,1.0,Werewolves
037,Witch,Nhan,WIA,0.25,Werewolves
037,Villager,Cong,WIA,0.09999999999999998,Werewolves
037,Villager,Nam,WIA,0.25,Werewolves
037,Seer,Jin,WIA,0.09999999999999998,Werewolves
037,Guard,Hoang,WIA,0.25,Werewolves
037,Witch,Nhan,Brier,0.36333333333333334,Werewolves
037,Villager,Cong,Brier,0.25,Werewolves
037,Villager,Nam,Brier,0.3120833333333333,Werewolves
037,Seer,Jin,Brier,0.25,Werewolves
037,Guard,Hoang,Brier,0.4795833333333334,Werewolves
037,Guard,Hoang,ConvergenceRound,2.0,Werewolves
037,Witch,Nhan,ConvergenceRound,2.0,Werewolves
037,Villager,Nam,ConvergenceRound,2.0,Werewolves
037,Witch,Nhan,VotePrecision,1.0,Werewolves
037,Villager,Nam,VotePrecision,0.0,Werewolves
037,Seer,Jin,VotePrecision,1.0,Werewolves
037,Guard,Hoang,VotePrecision,1.0,Werewolves
037,AllVillagers,round_1,WolfVoteShare,0.75,Werewolves
037,Werewolf,Riley,WolfVotePrecision,1.0,Werewolves
037,Werewolf,Meg,WolfVotePrecision,1.0,Werewolves
038,Villager,Nhan,WIA,0.16666666666666666,Werewolves
038,Villager,Cong,WIA,0.19999999999999998,Werewolves
038,Seer,Nam,WIA,0.4333333333333333,Werewolves
038,Guard,Jin,WIA,0.19999999999999998,Werewolves
038,Witch,Hoang,WIA,0.09999999999999998,Werewolves
038,Villager,Nhan,Brier,0.5558333333333333,Werewolves
038,Villager,Cong,Brier,0.5425000000000001,Werewolves
038,Seer,Nam,Brier,0.2475166666666667,Werewolves
038,Guard,Jin,Brier,0.3941666666666666,Werewolves
038,Witch,Hoang,Brier,0.25,Werewolves
038,Villager,Cong,ConvergenceRound,3.0,Werewolves
038,Villager,Nhan,ConvergenceRound,3.0,Werewolves
038,Seer,Nam,ConvergenceRound,3.0,Werewolves
038,Villager,Nhan,VotePrecision,0.0,Werewolves
038,Villager,Cong,VotePrecision,0.0,Werewolves
038,Seer,Nam,VotePrecision,0.5,Werewolves
038,Guard,Jin,VotePrecision,0.5,Werewolves
038,Witch,Hoang,VotePrecision,0.0,Werewolves
038,AllVillagers,round_1,WolfVoteShare,0.0,Werewolves
038,AllVillagers,round_2,WolfVoteShare,0.5,Werewolves
038,Werewolf,Riley,WolfVotePrecision,1.0,Werewolves
038,Werewolf,Meg,WolfVotePrecision,1.0,Werewolves
039,Villager,Nhan,WIA,0.09999999999999998,Werewolves
039,Seer,Cong,WIA,0.19999999999999998,Werewolves
039,Guard,Nam,WIA,0.3,Werewolves
039,Witch,Jin,WIA,0.09999999999999998,Werewolves
039,Villager,Hoang,WIA,0.3,Werewolves
039,Villager,Nhan,Brier,0.25,Werewolves
039,Seer,Cong,Brier,0.34,Werewolves
039,Guard,Nam,Brier,0.39083333333333337,Werewolves
039,Witch,Jin,Brier,0.4775,Werewolves
039,Villager,Hoang,Brier,0.3186,Werewolves
039,Villager,Nhan,VotePrecision,0.0,Werewolves
039,Seer,Cong,VotePrecision,0.0,Werewolves
039,Guard,Nam,VotePrecision,0.0,Werewolves
039,Witch,Jin,VotePrecision,0.0,Werewolves
039,Villager,Hoang,VotePrecision,0.0,Werewolves
039,AllVillagers,round_1,WolfVoteShare,0.0,Werewolves
039,Werewolf,Riley,WolfVotePrecision,1.0,Werewolves
039,Werewolf,Meg,WolfVotePrecision,1.0,Werewolves
040,Seer,Nhan,WIA,0.09999999999999998,Villagers
040,Guard,Cong,WIA,0.25,Villagers
040,Witch,Nam,WIA,0.3,Villagers
040,Villager,Jin,WIA,0.25,Villagers
040,Villager,Hoang,WIA,0.3,Villagers
040,Seer,Nhan,Brier,0.25,Villagers
040,Guard,Cong,Brier,0.32083333333333336,Villagers
040,Witch,Nam,Brier,0.38083333333333336,Villagers
040,Villager,Jin,Brier,0.3558333333333334,Villagers
040,Villager,Hoang,Brier,0.3070833333333333,Villagers
040,Guard,Cong,ConvergenceRound,2.0,Villagers
040,Villager,Hoang,ConvergenceRound,2.0,Villagers
040,Villager,Jin,ConvergenceRound,2.0,Villagers
040,Witch,Nam,ConvergenceRound,2.0,Villagers
040,Seer,Nhan,VotePrecision,1.0,Villagers
040,Guard,Cong,VotePrecision,0.0,Villagers
040,Witch,Nam,VotePrecision,0.5,Villagers
040,Villager,Jin,VotePrecision,0.5,Villagers
040,Villager,Hoang,VotePrecision,0.5,Villagers
040,AllVillagers,round_1,WolfVoteShare,0.2,Villagers
040,AllVillagers,round_2,WolfVoteShare,1.0,Villagers
040,Werewolf,Riley,WolfVotePrecision,1.0,Villagers
040,Werewolf,Meg,WolfVotePrecision,1.0,Villagers
041,Guard,Nhan,WIA,0.09999999999999998,Werewolves
041,Witch,Cong,WIA,0.09999999999999998,Werewolves
041,Villager,Nam,WIA,0.19999999999999998,Werewolves
041,Villager,Jin,WIA,0.09999999999999998,Werewolves
041,Seer,Hoang,WIA,0.19999999999999998,Werewolves
041,Guard,Nhan,Brier,0.41083333333333333,Werewolves
041,Witch,Cong,Brier,0.25,Werewolves
041,Villager,Nam,Brier,0.3725,Werewolves
041,Villager,Jin,Brier,0.3870833333333333,Werewolves
041,Seer,Hoang,Brier,0.3075,Werewolves
041,Guard,Nhan,VotePrecision,0.0,Werewolves
041,Witch,Cong,VotePrecision,0.0,Werewolves
041,Villager,Nam,VotePrecision,0.0,Werewolves
041,Villager,Jin,VotePrecision,0.0,Werewolves
041,Seer,Hoang,VotePrecision,0.0,Werewolves
041,AllVillagers,round_1,WolfVoteShare,0.0,Werewolves
041,AllVillagers,round_2,WolfVoteShare,0.0,Werewolves
041,Werewolf,Riley,WolfVotePrecision,1.0,Werewolves
041,Werewolf,Meg,WolfVotePrecision,1.0,Werewolves
042,Witch,Nhan,WIA,0.19999999999999998,Werewolves
042,Villager,Cong,WIA,0.09999999999999998,Werewolves
042,Villager,Nam,WIA,0.15,Werewolves
042,Seer,Jin,WIA,0.3,Werewolves
042,Guard,Hoang,WIA,0.25,Werewolves
042,Witch,Nhan,Brier,0.4370833333333333,Werewolves
042,Villager,Cong,Brier,0.25,Werewolves
042,Villager,Nam,Brier,0.5420833333333334,Werewolves
042,Seer,Jin,Brier,0.36916666666666664,Werewolves
042,Guard,Hoang,Brier,0.38208333333333333,Werewolves
042,Guard,Hoang,ConvergenceRound,2.0,Werewolves
042,Witch,Nhan,ConvergenceRound,2.0,Werewolves
042,Seer,Jin,ConvergenceRound,2.0,Werewolves
042,Villager,Nam,ConvergenceRound,2.0,Werewolves
042,Witch,Nhan,VotePrecision,0.0,Werewolves
042,Villager,Nam,VotePrecision,0.0,Werewolves
042,Seer,Jin,VotePrecision,0.5,Werewolves
042,Guard,Hoang,VotePrecision,0.5,Werewolves
042,AllVillagers,round_1,WolfVoteShare,0.5,Werewolves
042,AllVillagers,round_2,WolfVoteShare,0.0,Werewolves
042,Werewolf,Riley,WolfVotePrecision,1.0,Werewolves
042,Werewolf,Meg,WolfVotePrecision,1.0,Werewolves
043,Villager,Nhan,WIA,0.09999999999999998,Werewolves
043,Villager,Cong,WIA,0.09999999999999998,Werewolves
043,Seer,Nam,WIA,0.3,Werewolves
043,Guard,Jin,WIA,0.19999999999999998,Werewolves
043,Witch,Hoang,WIA,0.09999999999999998,Werewolves
043,Villager,Nhan,Brier,0.40958333333333335,Werewolves
043,Villager,Cong,Brier,0.4404166666666667,Werewolves
043,Seer,Nam,Brier,0.29041666666666666,Werewolves
043,Guard,Jin,Brier,0.3829166666666666,Werewolves
043,Witch,Hoang,Brier,0.25,Werewolves
043,Villager,Nhan,VotePrecision,0.0,Werewolves
043,Villager,Cong,VotePrecision,0.0,Werewolves
043,Seer,Nam,VotePrecision,0.0,Werewolves
043,Guard,Jin,VotePrecision,0.0,Werewolves
043,Witch,Hoang,VotePrecision,0.0,Werewolves
043,AllVillagers,round_1,WolfVoteShare,0.0,Werewolves
043,AllVillagers,round_2,WolfVoteShare,0.0,Werewolves
043,Werewolf,Riley,WolfVotePrecision,1.0,Werewolves
043,Werewolf,Meg,WolfVotePrecision,1.0,Werewolves
044,Villager,Nhan,WIA,0.26666666666666666,Werewolves
044,Seer,Cong,WIA,0.09999999999999998,Werewolves
044,Guard,Nam,WIA,0.32499999999999996,Werewolves
044,Witch,Jin,WIA,0.32499999999999996,Werewolves
044,Villager,Hoang,WIA,0.19999999999999998,Werewolves
044,Villager,Nhan,Brier,0.47000000000000003,Werewolves
044,Seer,Cong,Brier,0.25,Werewolves
044,Guard,Nam,Brier,0.5867333333333333,Werewolves
044,Witch,Jin,Brier,0.5450666666666667,Werewolves
044,Villager,Hoang,Brier,0.3016666666666667,Werewolves
044,Villager,Nhan,ConvergenceRound,3.0,Werewolves
044,Witch,Jin,ConvergenceRound,3.0,Werewolves
044,Guard,Nam,ConvergenceRound,3.0,Werewolves
044,Villager,Nhan,VotePrecision,0.3333333333333333,Werewolves
044,Seer,Cong,VotePrecision,0.0,Werewolves
044,Guard,Nam,VotePrecision,0.3333333333333333,Werewolves
044,Witch,Jin,VotePrecision,0.3333333333333333,Werewolves
044,Villager,Hoang,VotePrecision,0.0,Werewolves
044,AllVillagers,round_1,WolfVoteShare,0.0,Werewolves
044,AllVillagers,round_2,WolfVoteShare,1.0,Werewolves
044,AllVillagers,round_3,WolfVoteShare,0.0,Werewolves
044,Werewolf,Riley,WolfVotePrecision,1.0,Werewolves
044,Werewolf,Meg,WolfVotePrecision,1.0,Werewolves
045,Seer,Nhan,WIA,0.35,Werewolves
045,Guard,Cong,WIA,0.39999999999999997,Werewolves
045,Witch,Nam,WIA,0.3,Werewolves
045,Villager,Jin,WIA,0.3333333333333333,Werewolves
045,Villager,Hoang,WIA,0.16666666666666666,Werewolves
045,Seer,Nhan,Brier,0.21208333333333332,Werewolves
045,Guard,Cong,Brier,0.16708333333333333,Werewolves
045,Witch,Nam,Brier,0.46841666666666665,Werewolves
045,Villager,Jin,Brier,0.4262666666666666,Werewolves
045,Villager,Hoang,Brier,0.6448833333333334,Werewolves
045,Guard,Cong,ConvergenceRound,2.0,Werewolves
045,Villager,Hoang,ConvergenceRound,2.0,Werewolves
045,Seer,Nhan,ConvergenceRound,2.0,Werewolves
045,Villager,Jin,ConvergenceRound,2.0,Werewolves
045,Witch,Nam,ConvergenceRound,2.0,Werewolves
045,Seer,Nhan,VotePrecision,1.0,Werewolves
045,Guard,Cong,VotePrecision,0.5,Werewolves
045,Witch,Nam,VotePrecision,0.5,Werewolves
045,Villager,Jin,VotePrecision,0.3333333333333333,Werewolves
045,Villager,Hoang,VotePrecision,0.3333333333333333,Werewolves
045,AllVillagers,round_1,WolfVoteShare,1.0,Werewolves
045,AllVillagers,round_2,WolfVoteShare,0.0,Werewolves
045,AllVillagers,round_3,WolfVoteShare,0.0,Werewolves
045,Werewolf,Riley,WolfVotePrecision,1.0,Werewolves
045,Werewolf,Meg,WolfVotePrecision,1.0,Werewolves
046,Guard,Nhan,WIA,0.19999999999999998,Werewolves
046,Witch,Cong,WIA,0.09999999999999998,Werewolves
046,Villager,Nam,WIA,0.3,Werewolves
046,Villager,Jin,WIA,0.19999999999999998,Werewolves
046,Seer,Hoang,WIA,0.09999999999999998,Werewolves
046,Guard,Nhan,Brier,0.3741666666666667,Werewolves
046,Witch,Cong,Brier,0.4404166666666667,Werewolves
046,Villager,Nam,Brier,0.3591666666666667,Werewolves
046,Villager,Jin,Brier,0.36833333333333335,Werewolves
046,Seer,Hoang,Brier,0.25,Werewolves
046,Guard,Nhan,VotePrecision,0.0,Werewolves
046,Witch,Cong,VotePrecision,0.0,Werewolves
046,Villager,Nam,VotePrecision,0.0,Werewolves
046,Villager,Jin,VotePrecision,0.0,Werewolves
046,Seer,Hoang,VotePrecision,0.0,Werewolves
046,AllVillagers,round_1,WolfVoteShare,0.0,Werewolves
046,AllVillagers,round_2,WolfVoteShare,0.0,Werewolves
046,Werewolf,Riley,WolfVotePrecision,1.0,Werewolves
046,Werewolf,Meg,WolfVotePrecision,1.0,Werewolves
047,Witch,Nhan,WIA,0.19999999999999998,Werewolves
047,Villager,Cong,WIA,0.09999999999999998,Werewolves
047,Villager,Nam,WIA,0.09999999999999998,Werewolves
047,Seer,Jin,WIA,0.09999999999999998,Werewolves
047,Guard,Hoang,WIA,0.09999999999999998,Werewolves
047,Witch,Nhan,Brier,0.47583333333333333,Werewolves
047,Villager,Cong,Brier,0.25,Werewolves
047,Villager,Nam,Brier,0.36624999999999996,Werewolves
047,Seer,Jin,Brier,0.25,Werewolves
047,Guard,Hoang,Brier,0.4375,Werewolves
047,Witch,Nhan,VotePrecision,0.0,Werewolves
047,Villager,Nam,VotePrecision,0.0,Werewolves
047,Seer,Jin,VotePrecision,0.0,Werewolves
047,Guard,Hoang,VotePrecision,0.0,Werewolves
047,AllVillagers,round_1,WolfVoteShare,0.0,Werewolves
047,Werewolf,Riley,WolfVotePrecision,1.0,Werewolves
047,Werewolf,Meg,WolfVotePrecision,1.0,Werewolves
048,Villager,Nhan,WIA,0.09999999999999998,Werewolves
048,Villager,Cong,WIA,0.19999999999999998,Werewolves
048,Seer,Nam,WIA,0.19999999999999998,Werewolves
048,Guard,Jin,WIA,0.09999999999999998,Werewolves
048,Witch,Hoang,WIA,0.09999999999999998,Werewolves
048,Villager,Nhan,Brier,0.25,Werewolves
048,Villager,Cong,Brier,0.43041666666666667,Werewolves
048,Seer,Nam,Brier,0.3458333333333334,Werewolves
048,Guard,Jin,Brier,0.6208999999999999,Werewolves
048,Witch,Hoang,Brier,0.25,Werewolves
048,Villager,Cong,VotePrecision,0.0,Werewolves
048,Seer,Nam,VotePrecision,0.0,Werewolves
048,Guard,Jin,VotePrecision,0.0,Werewolves
048,Witch,Hoang,VotePrecision,0.0,Werewolves
048,AllVillagers,round_1,WolfVoteShare,0.0,Werewolves
048,AllVillagers,round_2,WolfVoteShare,0.0,Werewolves
048,Werewolf,Riley,WolfVotePrecision,1.0,Werewolves
048,Werewolf,Meg,WolfVotePrecision,1.0,Werewolves
049,Villager,Nhan,WIA,0.09999999999999998,Werewolves
049,Seer,Cong,WIA,0.19999999999999998,Werewolves
049,Guard,Nam,WIA,0.09999999999999998,Werewolves
049,Witch,Jin,WIA,0.09999999999999998,Werewolves
049,Villager,Hoang,WIA,0.19999999999999998,Werewolves
049,Villager,Nhan,Brier,0.25,Werewolves
049,Seer,Cong,Brier,0.3154166666666666,Werewolves
049,Guard,Nam,Brier,0.5045833333333334,Werewolves
049,Witch,Jin,Brier,0.42250000000000004,Werewolves
049,Villager,Hoang,Brier,0.3541666666666667,Werewolves
049,Villager,Nhan,VotePrecision,0.0,Werewolves
049,Seer,Cong,VotePrecision,0.0,Werewolves
049,Guard,Nam,VotePrecision,0.0,Werewolves
049,Witch,Jin,VotePrecision,0.0,Werewolves
049,Villager,Hoang,VotePrecision,0.0,Werewolves
049,AllVillagers,round_1,WolfVoteShare,0.0,Werewolves
049,AllVillagers,round_2,WolfVoteShare,0.0,Werewolves
049,Werewolf,Riley,WolfVotePrecision,1.0,Werewolves
049,Werewolf,Meg,WolfVotePrecision,1.0,Werewolves
050,Seer,Nhan,WIA,0.19999999999999998,Werewolves
050,Guard,Cong,WIA,0.09999999999999998,Werewolves
050,Witch,Nam,WIA,0.09999999999999998,Werewolves
050,Villager,Jin,WIA,0.09999999999999998,Werewolves
050,Villager,Hoang,WIA,0.09999999999999998,Werewolves
050,Seer,Nhan,Brier,0.29333333333333333,Werewolves
050,Guard,Cong,Brier,0.3491666666666667,Werewolves
050,Witch,Nam,Brier,0.25,Werewolves
050,Villager,Jin,Brier,0.4495833333333333,Werewolves
050,Villager,Hoang,Brier,0.4775,Werewolves
050,Seer,Nhan,VotePrecision,0.0,Werewolves
050,Guard,Cong,VotePrecision,0.0,Werewolves
050,Witch,Nam,VotePrecision,0.0,Werewolves
050,Villager,Jin,VotePrecision,0.0,Werewolves
050,Villager,Hoang,VotePrecision,0.0,Werewolves
050,AllVillagers,round_1,WolfVoteShare,0.0,Werewolves
050,AllVillagers,round_2,WolfVoteShare,0.0,Werewolves
050,Werewolf,Riley,WolfVotePrecision,1.0,Werewolves
050,Werewolf,Meg,WolfVotePrecision,1.0,Werewolves
051,Guard,Nhan,WIA,0.09999999999999998,Werewolves
051,Witch,Cong,WIA,0.09999999999999998,Werewolves
051,Villager,Nam,WIA,0.09999999999999998,Werewolves
051,Villager,Jin,WIA,0.09999999999999998,Werewolves
051,Seer,Hoang,WIA,0.19999999999999998,Werewolves
051,Guard,Nhan,Brier,0.45083333333333336,Werewolves
051,Witch,Cong,Brier,0.25,Werewolves
051,Villager,Nam,Brier,0.4404166666666667,Werewolves
051,Villager,Jin,Brier,0.42375,Werewolves
051,Seer,Hoang,Brier,0.3958333333333333,Werewolves
051,Guard,Nhan,VotePrecision,0.0,Werewolves
051,Witch,Cong,VotePrecision,0.0,Werewolves
051,Villager,Nam,VotePrecision,0.0,Werewolves
051,Villager,Jin,VotePrecision,0.0,Werewolves
051,Seer,Hoang,VotePrecision,0.0,Werewolves
051,AllVillagers,round_1,WolfVoteShare,0.0,Werewolves
051,AllVillagers,round_2,WolfVoteShare,0.0,Werewolves
051,Werewolf,Riley,WolfVotePrecision,1.0,Werewolves
051,Werewolf,Meg,WolfVotePrecision,1.0,Werewolves
052,Witch,Nhan,WIA,0.19999999999999998,Werewolves
052,Villager,Cong,WIA,0.09999999999999998,Werewolves
052,Villager,Nam,WIA,0.39999999999999997,Werewolves
052,Seer,Jin,WIA,0.09999999999999998,Werewolves
052,Guard,Hoang,WIA,0.19999999999999998,Werewolves
052,Witch,Nhan,Brier,0.43333333333333335,Werewolves
052,Villager,Cong,Brier,0.25,Werewolves
052,Villager,Nam,Brier,0.3063166666666666,Werewolves
052,Seer,Jin,Brier,0.25,Werewolves
052,Guard,Hoang,Brier,0.44208333333333333,Werewolves
052,Witch,Nhan,VotePrecision,0.0,Werewolves
052,Villager,Nam,VotePrecision,0.0,Werewolves
052,Seer,Jin,VotePrecision,0.0,Werewolves
052,Guard,Hoang,VotePrecision,0.0,Werewolves
052,AllVillagers,round_1,WolfVoteShare,0.0,Werewolves
052,AllVillagers,round_2,WolfVoteShare,0.0,Werewolves
052,Werewolf,Riley,WolfVotePrecision,1.0,Werewolves
052,Werewolf,Meg,WolfVotePrecision,1.0,Werewolves
053,Villager,Nhan,WIA,0.09999999999999998,Werewolves
053,Villager,Cong,WIA,0.09999999999999998,Werewolves
053,Seer,Nam,WIA,0.09999999999999998,Werewolves
053,Guard,Jin,WIA,0.19999999999999998,Werewolves
053,Witch,Hoang,WIA,0.09999999999999998,Werewolves
053,Villager,Nhan,Brier,0.25,Werewolves
053,Villager,Cong,Brier,0.4058333333333333,Werewolves
053,Seer,Nam,Brier,0.25,Werewolves
053,Guard,Jin,Brier,0.4816666666666667,Werewolves
053,Witch,Hoang,Brier,0.5691666666666667,Werewolves
053,Villager,Cong,VotePrecision,0.0,Werewolves
053,Seer,Nam,VotePrecision,0.0,Werewolves
053,Guard,Jin,VotePrecision,0.0,Werewolves
053,Witch,Hoang,VotePrecision,0.0,Werewolves
053,AllVillagers,round_1,WolfVoteShare,0.0,Werewolves
053,AllVillagers,round_2,WolfVoteShare,0.0,Werewolves
053,Werewolf,Riley,WolfVotePrecision,1.0,Werewolves
053,Werewolf,Meg,WolfVotePrecision,1.0,Werewolves
054,Villager,Nhan,WIA,0.09999999999999998,Werewolves
054,Seer,Cong,WIA,0.19999999999999998,Werewolves
054,Guard,Nam,WIA,0.09999999999999998,Werewolves
054,Witch,Jin,WIA,0.09999999999999998,Werewolves
054,Villager,Hoang,WIA,0.09999999999999998,Werewolves
054,Villager,Nhan,Brier,0.3658333333333333,Werewolves
054,Seer,Cong,Brier,0.4145833333333333,Werewolves
054,Guard,Nam,Brier,0.25,Werewolves
054,Witch,Jin,Brier,0.4908333333333333,Werewolves
054,Villager,Hoang,Brier,0.5004166666666666,Werewolves
054,Villager,Nhan,VotePrecision,0.0,Werewolves
054,Seer,Cong,VotePrecision,0.0,Werewolves
054,Guard,Nam,VotePrecision,0.0,Werewolves
054,Witch,Jin,VotePrecision,0.0,Werewolves
054,Villager,Hoang,VotePrecision,0.0,Werewolves
054,AllVillagers,round_1,WolfVoteShare,0.0,Werewolves
054,AllVillagers,round_2,WolfVoteShare,0.0,Werewolves
054,Werewolf,Riley,WolfVotePrecision,1.0,Werewolves
054,Werewolf,Meg,WolfVotePrecision,1.0,Werewolves
055,Seer,Nhan,WIA,0.09999999999999998,Werewolves
055,Guard,Cong,WIA,0.09999999999999998,Werewolves
055,Witch,Nam,WIA,0.09999999999999998,Werewolves
055,Villager,Jin,WIA,0.09999999999999998,Werewolves
055,Villager,Hoang,WIA,0.09999999999999998,Werewolves
055,Seer,Nhan,Brier,0.25,Werewolves
055,Guard,Cong,Brier,0.5467333333333334,Werewolves
055,Witch,Nam,Brier,0.25,Werewolves
055,Villager,Jin,Brier,0.36166666666666664,Werewolves
055,Villager,Hoang,Brier,0.5104166666666666,Werewolves
055,Guard,Cong,VotePrecision,0.0,Werewolves
055,Witch,Nam,VotePrecision,0.0,Werewolves
055,Villager,Jin,VotePrecision,0.0,Werewolves
055,Villager,Hoang,VotePrecision,0.0,Werewolves
055,AllVillagers,round_1,WolfVoteShare,0.0,Werewolves
055,Werewolf,Riley,WolfVotePrecision,1.0,Werewolves
055,Werewolf,Meg,WolfVotePrecision,1.0,Werewolves
056,Guard,Nhan,WIA,0.09999999999999998,Werewolves
056,Witch,Cong,WIA,0.09999999999999998,Werewolves
056,Villager,Nam,WIA,0.16666666666666666,Werewolves
056,Villager,Jin,WIA,0.09999999999999998,Werewolves
056,Seer,Hoang,WIA,0.16666666666666666,Werewolves
056,Guard,Nhan,Brier,0.5171,Werewolves
056,Witch,Cong,Brier,0.25,Werewolves
056,Villager,Nam,Brier,0.5587666666666666,Werewolves
056,Villager,Jin,Brier,0.61465,Werewolves
056,Seer,Hoang,Brier,0.4895833333333333,Werewolves
056,Guard,Nhan,VotePrecision,0.0,Werewolves
056,Witch,Cong,VotePrecision,0.0,Werewolves
056,Villager,Nam,VotePrecision,0.0,Werewolves
056,Villager,Jin,VotePrecision,0.0,Werewolves
056,Seer,Hoang,VotePrecision,0.0,Werewolves
056,AllVillagers,round_1,WolfVoteShare,0.0,Werewolves
056,AllVillagers,round_2,WolfVoteShare,0.0,Werewolves
056,AllVillagers,round_3,WolfVoteShare,0.0,Werewolves
056,Werewolf,Riley,WolfVotePrecision,1.0,Werewolves
056,Werewolf,Meg,WolfVotePrecision,1.0,Werewolves
057,Witch,Nhan,WIA,0.09999999999999998,Werewolves
057,Villager,Cong,WIA,0.09999999999999998,Werewolves
057,Villager,Nam,WIA,0.09999999999999998,Werewolves
057,Seer,Jin,WIA,0.09999999999999998,Werewolves
057,Guard,Hoang,WIA,0.09999999999999998,Werewolves
057,Witch,Nhan,Brier,0.46875,Werewolves
057,Villager,Cong,Brier,0.25,Werewolves
057,Villager,Nam,Brier,0.4483333333333333,Werewolves
057,Seer,Jin,Brier,0.25,Werewolves
057,Guard,Hoang,Brier,0.3420833333333333,Werewolves
057,Witch,Nhan,VotePrecision,0.0,Werewolves
057,Villager,Nam,VotePrecision,0.0,Werewolves
057,Seer,Jin,VotePrecision,0.0,Werewolves
057,Guard,Hoang,VotePrecision,0.0,Werewolves
057,AllVillagers,round_1,WolfVoteShare,0.0,Werewolves
057,Werewolf,Riley,WolfVotePrecision,1.0,Werewolves
057,Werewolf,Meg,WolfVotePrecision,1.0,Werewolves
058,Villager,Nhan,WIA,0.09999999999999998,Werewolves
058,Villager,Cong,WIA,0.19999999999999998,Werewolves
058,Seer,Nam,WIA,0.3,Werewolves
058,Guard,Jin,WIA,0.19999999999999998,Werewolves
058,Witch,Hoang,WIA,0.09999999999999998,Werewolves
058,Villager,Nhan,Brier,0.25,Werewolves
058,Villager,Cong,Brier,0.44875,Werewolves
058,Seer,Nam,Brier,0.2904166666666667,Werewolves
058,Guard,Jin,Brier,0.4991666666666667,Werewolves
058,Witch,Hoang,Brier,0.25,Werewolves
058,Villager,Cong,VotePrecision,0.0,Werewolves
058,Seer,Nam,VotePrecision,0.0,Werewolves
058,Guard,Jin,VotePrecision,0.0,Werewolves
058,Witch,Hoang,VotePrecision,0.0,Werewolves
058,AllVillagers,round_1,WolfVoteShare,0.0,Werewolves
058,Werewolf,Riley,WolfVotePrecision,1.0,Werewolves
058,Werewolf,Meg,WolfVotePrecision,1.0,Werewolves
059,Villager,Nhan,WIA,0.25,Werewolves
059,Seer,Cong,WIA,0.09999999999999998,Werewolves
059,Guard,Nam,WIA,0.15,Werewolves
059,Witch,Jin,WIA,0.19999999999999998,Werewolves
059,Villager,Hoang,WIA,0.19999999999999998,Werewolves
059,Villager,Nhan,Brier,0.3054166666666666,Werewolves
059,Seer,Cong,Brier,0.25,Werewolves
059,Guard,Nam,Brier,0.4604166666666667,Werewolves
059,Witch,Jin,Brier,0.43916666666666665,Werewolves
059,Villager,Hoang,Brier,0.40958333333333335,Werewolves
059,Witch,Jin,ConvergenceRound,2.0,Werewolves
059,Guard,Nam,ConvergenceRound,2.0,Werewolves
059,Villager,Nhan,VotePrecision,0.0,Werewolves
059,Seer,Cong,VotePrecision,0.0,Werewolves
059,Guard,Nam,VotePrecision,0.0,Werewolves
059,Witch,Jin,VotePrecision,0.0,Werewolves
059,Villager,Hoang,VotePrecision,0.0,Werewolves
059,AllVillagers,round_1,WolfVoteShare,0.0,Werewolves
059,AllVillagers,round_2,WolfVoteShare,0.0,Werewolves
059,Werewolf,Riley,WolfVotePrecision,1.0,Werewolves
059,Werewolf,Meg,WolfVotePrecision,1.0,Werewolves
060,Seer,Nhan,WIA,0.09999999999999998,Werewolves
060,Guard,Cong,WIA,0.19999999999999998,Werewolves
060,Witch,Nam,WIA,0.09999999999999998,Werewolves
060,Villager,Jin,WIA,0.2333333333333333,Werewolves
060,Villager,Hoang,WIA,0.26666666666666666,Werewolves
060,Seer,Nhan,Brier,0.25,Werewolves
060,Guard,Cong,Brier,0.3804166666666667,Werewolves
060,Witch,Nam,Brier,0.31625000000000003,Werewolves
060,Villager,Jin,Brier,0.5188333333333334,Werewolves
060,Villager,Hoang,Brier,0.4941666666666667,Werewolves
060,Villager,Jin,ConvergenceRound,2.0,Werewolves
060,Seer,Nhan,VotePrecision,0.0,Werewolves
060,Guard,Cong,VotePrecision,0.0,Werewolves
060,Witch,Nam,VotePrecision,0.0,Werewolves
060,Villager,Jin,VotePrecision,0.0,Werewolves
060,Villager,Hoang,VotePrecision,0.0,Werewolves
060,AllVillagers,round_1,WolfVoteShare,0.0,Werewolves
060,AllVillagers,round_2,WolfVoteShare,0.0,Werewolves
060,Werewolf,Riley,WolfVotePrecision,1.0,Werewolves
060,Werewolf,Meg,WolfVotePrecision,1.0,Werewolves
061,Guard,Nhan,WIA,0.09999999999999998,Werewolves
061,Witch,Cong,WIA,0.09999999999999998,Werewolves
061,Villager,Nam,WIA,0.09999999999999998,Werewolves
061,Villager,Jin,WIA,0.16666666666666666,Werewolves
061,Seer,Hoang,WIA,0.16666666666666666,Werewolves
061,Guard,Nhan,Brier,0.4925,Werewolves
061,Witch,Cong,Brier,0.25,Werewolves
061,Villager,Nam,Brier,0.64125,Werewolves
061,Villager,Jin,Brier,0.5538833333333333,Werewolves
061,Seer,Hoang,Brier,0.5442333333333332,Werewolves
061,Guard,Nhan,VotePrecision,0.0,Werewolves
061,Witch,Cong,VotePrecision,0.0,Werewolves
061,Villager,Nam,VotePrecision,0.0,Werewolves
061,Villager,Jin,VotePrecision,0.0,Werewolves
061,Seer,Hoang,VotePrecision,0.0,Werewolves
061,AllVillagers,round_1,WolfVoteShare,0.0,Werewolves
061,AllVillagers,round_2,WolfVoteShare,0.0,Werewolves
061,Werewolf,Riley,WolfVotePrecision,1.0,Werewolves
061,Werewolf,Meg,WolfVotePrecision,1.0,Werewolves
062,Guard,Nhan,WIA,0.09999999999999998,Werewolves
062,Witch,Cong,WIA,0.09999999999999998,Werewolves
062,Villager,Nam,WIA,0.09999999999999998,Werewolves
062,Villager,Jin,WIA,0.19999999999999998,Werewolves
062,Seer,Hoang,WIA,0.09999999999999998,Werewolves
062,Guard,Nhan,Brier,0.3833333333333333,Werewolves
062,Witch,Cong,Brier,0.3770833333333334,Werewolves
062,Villager,Nam,Brier,0.40166666666666667,Werewolves
062,Villager,Jin,Brier,0.32166666666666666,Werewolves
062,Seer,Hoang,Brier,0.25,Werewolves
062,Guard,Nhan,VotePrecision,0.0,Werewolves
062,Witch,Cong,VotePrecision,0.0,Werewolves
062,Villager,Nam,VotePrecision,0.0,Werewolves
062,Villager,Jin,VotePrecision,0.0,Werewolves
062,Seer,Hoang,VotePrecision,0.0,Werewolves
062,AllVillagers,round_1,WolfVoteShare,0.0,Werewolves
062,AllVillagers,round_2,WolfVoteShare,0.0,Werewolves
062,Werewolf,Riley,WolfVotePrecision,1.0,Werewolves
062,Werewolf,Meg,WolfVotePrecision,1.0,Werewolves
063,Witch,Nhan,WIA,0.09999999999999998,Werewolves
063,Villager,Cong,WIA,0.09999999999999998,Werewolves
063,Villager,Nam,WIA,0.09999999999999998,Werewolves
063,Seer,Jin,WIA,0.19999999999999998,Werewolves
063,Guard,Hoang,WIA,0.3,Werewolves
063,Witch,Nhan,Brier,0.5204166666666666,Werewolves
063,Villager,Cong,Brier,0.25,Werewolves
063,Villager,Nam,Brier,0.25,Werewolves
063,Seer,Jin,Brier,0.435,Werewolves
063,Guard,Hoang,Brier,0.4578333333333333,Werewolves
063,Witch,Nhan,VotePrecision,0.0,Werewolves
063,Villager,Nam,VotePrecision,0.0,Werewolves
063,Seer,Jin,VotePrecision,0.0,Werewolves
063,Guard,Hoang,VotePrecision,0.0,Werewolves
063,AllVillagers,round_1,WolfVoteShare,0.0,Werewolves
063,Werewolf,Riley,WolfVotePrecision,1.0,Werewolves
063,Werewolf,Meg,WolfVotePrecision,1.0,Werewolves
064,Villager,Nhan,WIA,0.09999999999999998,Werewolves
064,Villager,Cong,WIA,0.09999999999999998,Werewolves
064,Seer,Nam,WIA,0.19999999999999998,Werewolves
064,Guard,Jin,WIA,0.09999999999999998,Werewolves
064,Witch,Hoang,WIA,0.09999999999999998,Werewolves
064,Villager,Nhan,Brier,0.25,Werewolves
064,Villager,Cong,Brier,0.3541666666666667,Werewolves
064,Seer,Nam,Brier,0.3520833333333333,Werewolves
064,Guard,Jin,Brier,0.5370833333333334,Werewolves
064,Witch,Hoang,Brier,0.25,Werewolves
064,Villager,Cong,VotePrecision,0.0,Werewolves
064,Seer,Nam,VotePrecision,0.0,Werewolves
064,Guard,Jin,VotePrecision,0.0,Werewolves
064,Witch,Hoang,VotePrecision,0.0,Werewolves
064,AllVillagers,round_1,WolfVoteShare,0.0,Werewolves
064,Werewolf,Riley,WolfVotePrecision,1.0,Werewolves
065,Villager,Nhan,WIA,0.09999999999999998,Werewolves
065,Seer,Cong,WIA,0.19999999999999998,Werewolves
065,Guard,Nam,WIA,0.3,Werewolves
065,Witch,Jin,WIA,0.09999999999999998,Werewolves
065,Villager,Hoang,WIA,0.09999999999999998,Werewolves
065,Villager,Nhan,Brier,0.32666666666666666,Werewolves
065,Seer,Cong,Brier,0.29333333333333333,Werewolves
065,Guard,Nam,Brier,0.24833333333333332,Werewolves
065,Witch,Jin,Brier,0.47458333333333336,Werewolves
065,Villager,Hoang,Brier,0.25,Werewolves
065,Villager,Nhan,VotePrecision,0.0,Werewolves
065,Seer,Cong,VotePrecision,0.0,Werewolves
065,Guard,Nam,VotePrecision,0.0,Werewolves
065,Witch,Jin,VotePrecision,0.0,Werewolves
065,Villager,Hoang,VotePrecision,0.0,Werewolves
065,AllVillagers,round_1,WolfVoteShare,0.0,Werewolves
065,Werewolf,Riley,WolfVotePrecision,1.0,Werewolves
066,Seer,Nhan,WIA,0.19999999999999998,Werewolves
066,Guard,Cong,WIA,0.09999999999999998,Werewolves
066,Witch,Nam,WIA,0.09999999999999998,Werewolves
066,Villager,Jin,WIA,0.19999999999999998,Werewolves
066,Villager,Hoang,WIA,0.09999999999999998,Werewolves
066,Seer,Nhan,Brier,0.32708333333333334,Werewolves
066,Guard,Cong,Brier,0.49248333333333333,Werewolves
066,Witch,Nam,Brier,0.25,Werewolves
066,Villager,Jin,Brier,0.4116666666666666,Werewolves
066,Villager,Hoang,Brier,0.45083333333333336,Werewolves
066,Seer,Nhan,VotePrecision,0.0,Werewolves
066,Guard,Cong,VotePrecision,0.0,Werewolves
066,Witch,Nam,VotePrecision,0.0,Werewolves
066,Villager,Jin,VotePrecision,0.0,Werewolves
066,Villager,Hoang,VotePrecision,0.0,Werewolves
066,AllVillagers,round_1,WolfVoteShare,0.0,Werewolves
066,AllVillagers,round_2,WolfVoteShare,0.0,Werewolves
066,Werewolf,Riley,WolfVotePrecision,1.0,Werewolves
066,Werewolf,Meg,WolfVotePrecision,1.0,Werewolves
067,Guard,Nhan,WIA,0.19999999999999998,Werewolves
067,Witch,Cong,WIA,0.09999999999999998,Werewolves
067,Villager,Nam,WIA,0.09999999999999998,Werewolves
067,Villager,Jin,WIA,0.19999999999999998,Werewolves
067,Seer,Hoang,WIA,0.09999999999999998,Werewolves
067,Guard,Nhan,Brier,0.34375,Werewolves
067,Witch,Cong,Brier,0.3770833333333334,Werewolves
067,Villager,Nam,Brier,0.4083333333333334,Werewolves
067,Villager,Jin,Brier,0.3725,Werewolves
067,Seer,Hoang,Brier,0.25,Werewolves
067,Guard,Nhan,VotePrecision,0.0,Werewolves
067,Witch,Cong,VotePrecision,0.0,Werewolves
067,Villager,Nam,VotePrecision,0.0,Werewolves
067,Villager,Jin,VotePrecision,0.0,Werewolves
067,Seer,Hoang,VotePrecision,0.0,Werewolves
067,AllVillagers,round_1,WolfVoteShare,0.0,Werewolves
067,AllVillagers,round_2,WolfVoteShare,0.0,Werewolves
067,Werewolf,Riley,WolfVotePrecision,1.0,Werewolves
067,Werewolf,Meg,WolfVotePrecision,1.0,Werewolves
068,Witch,Nhan,WIA,0.19999999999999998,Werewolves
068,Villager,Cong,WIA,0.09999999999999998,Werewolves
068,Villager,Nam,WIA,0.19999999999999998,Werewolves
068,Seer,Jin,WIA,0.19999999999999998,Werewolves
068,Guard,Hoang,WIA,0.19999999999999998,Werewolves
068,Witch,Nhan,Brier,0.3620833333333333,Werewolves
068,Villager,Cong,Brier,0.25,Werewolves
068,Villager,Nam,Brier,0.3745833333333333,Werewolves
068,Seer,Jin,Brier,0.27875,Werewolves
068,Guard,Hoang,Brier,0.3958333333333333,Werewolves
068,Witch,Nhan,VotePrecision,0.0,Werewolves
068,Villager,Cong,VotePrecision,0.0,Werewolves
068,Villager,Nam,VotePrecision,0.0,Werewolves
068,Seer,Jin,VotePrecision,0.0,Werewolves
068,Guard,Hoang,VotePrecision,0.0,Werewolves
068,AllVillagers,round_1,WolfVoteShare,0.0,Werewolves
068,AllVillagers,round_2,WolfVoteShare,0.0,Werewolves
068,Werewolf,Riley,WolfVotePrecision,1.0,Werewolves
068,Werewolf,Meg,WolfVotePrecision,1.0,Werewolves
069,Villager,Nhan,WIA,0.09999999999999998,Werewolves
069,Villager,Cong,WIA,0.19999999999999998,Werewolves
069,Seer,Nam,WIA,0.19999999999999998,Werewolves
069,Guard,Jin,WIA,0.09999999999999998,Werewolves
069,Witch,Hoang,WIA,0.09999999999999998,Werewolves
069,Villager,Nhan,Brier,0.41083333333333333,Werewolves
069,Villager,Cong,Brier,0.35083333333333333,Werewolves
069,Seer,Nam,Brier,0.40714999999999996,Werewolves
069,Guard,Jin,Brier,0.40958333333333335,Werewolves
069,Witch,Hoang,Brier,0.25,Werewolves
069,Villager,Nhan,VotePrecision,0.0,Werewolves
069,Villager,Cong,VotePrecision,0.0,Werewolves
069,Seer,Nam,VotePrecision,0.0,Werewolves
069,Guard,Jin,VotePrecision,0.0,Werewolves
069,Witch,Hoang,VotePrecision,0.0,Werewolves
069,AllVillagers,round_1,WolfVoteShare,0.0,Werewolves
069,AllVillagers,round_2,WolfVoteShare,0.0,Werewolves
069,Werewolf,Riley,WolfVotePrecision,1.0,Werewolves
069,Werewolf,Meg,WolfVotePrecision,1.0,Werewolves
070,Villager,Nhan,WIA,0.09999999999999998,Werewolves
070,Seer,Cong,WIA,0.19999999999999998,Werewolves
070,Guard,Nam,WIA,0.19999999999999998,Werewolves
070,Witch,Jin,WIA,0.09999999999999998,Werewolves
070,Villager,Hoang,WIA,0.09999999999999998,Werewolves
070,Villager,Nhan,Brier,0.42375,Werewolves
070,Seer,Cong,Brier,0.3016666666666667,Werewolves
070,Guard,Nam,Brier,0.4070833333333333,Werewolves
070,Witch,Jin,Brier,0.25,Werewolves
070,Villager,Hoang,Brier,0.3870833333333333,Werewolves
070,Villager,Nhan,VotePrecision,0.0,Werewolves
070,Seer,Cong,VotePrecision,0.0,Werewolves
070,Guard,Nam,VotePrecision,0.0,Werewolves
070,Witch,Jin,VotePrecision,0.0,Werewolves
070,Villager,Hoang,VotePrecision,0.0,Werewolves
070,AllVillagers,round_1,WolfVoteShare,0.0,Werewolves
070,AllVillagers,round_2,WolfVoteShare,0.0,Werewolves
070,Werewolf,Riley,WolfVotePrecision,1.0,Werewolves
070,Werewolf,Meg,WolfVotePrecision,1.0,Werewolves
071,Seer,Nhan,WIA,0.09999999999999998,Werewolves
071,Guard,Cong,WIA,0.19999999999999998,Werewolves
071,Witch,Nam,WIA,0.09999999999999998,Werewolves
071,Villager,Jin,WIA,0.09999999999999998,Werewolves
071,Villager,Hoang,WIA,0.09999999999999998,Werewolves
071,Seer,Nhan,Brier,0.25,Werewolves
071,Guard,Cong,Brier,0.3666666666666667,Werewolves
071,Witch,Nam,Brier,0.4291666666666667,Werewolves
071,Villager,Jin,Brier,0.47458333333333336,Werewolves
071,Villager,Hoang,Brier,0.3575,Werewolves
071,Seer,Nhan,VotePrecision,0.0,Werewolves
071,Guard,Cong,VotePrecision,0.0,Werewolves
071,Witch,Nam,VotePrecision,0.0,Werewolves
071,Villager,Jin,VotePrecision,0.0,Werewolves
071,Villager,Hoang,VotePrecision,0.0,Werewolves
071,AllVillagers,round_1,WolfVoteShare,0.0,Werewolves
071,AllVillagers,round_2,WolfVoteShare,0.0,Werewolves
071,Werewolf,Riley,WolfVotePrecision,1.0,Werewolves
071,Werewolf,Meg,WolfVotePrecision,1.0,Werewolves
072,Guard,Nhan,WIA,0.09999999999999998,Werewolves
072,Witch,Cong,WIA,0.09999999999999998,Werewolves
072,Villager,Nam,WIA,0.09999999999999998,Werewolves
072,Villager,Jin,WIA,0.09999999999999998,Werewolves
072,Seer,Hoang,WIA,0.09999999999999998,Werewolves
072,Guard,Nhan,Brier,0.4375,Werewolves
072,Witch,Cong,Brier,0.34708333333333335,Werewolves
072,Villager,Nam,Brier,0.4604833333333333,Werewolves
072,Villager,Jin,Brier,0.4354166666666666,Werewolves
072,Seer,Hoang,Brier,0.25,Werewolves
072,Guard,Nhan,VotePrecision,0.0,Werewolves
072,Witch,Cong,VotePrecision,0.0,Werewolves
072,Villager,Nam,VotePrecision,0.0,Werewolves
072,Villager,Jin,VotePrecision,0.0,Werewolves
072,Seer,Hoang,VotePrecision,0.0,Werewolves
072,AllVillagers,round_1,WolfVoteShare,0.0,Werewolves
072,AllVillagers,round_2,WolfVoteShare,0.0,Werewolves
072,Werewolf,Riley,WolfVotePrecision,1.0,Werewolves
072,Werewolf,Meg,WolfVotePrecision,1.0,Werewolves
073,Witch,Nhan,WIA,0.09999999999999998,Werewolves
073,Villager,Cong,WIA,0.09999999999999998,Werewolves
073,Villager,Nam,WIA,0.09999999999999998,Werewolves
073,Seer,Jin,WIA,0.2333333333333333,Werewolves
073,Guard,Hoang,WIA,0.09999999999999998,Werewolves
073,Witch,Nhan,Brier,0.25,Werewolves
073,Villager,Cong,Brier,0.5491666666666667,Werewolves
073,Villager,Nam,Brier,0.5379166666666667,Werewolves
073,Seer,Jin,Brier,0.42874999999999996,Werewolves
073,Guard,Hoang,Brier,0.45208333333333334,Werewolves
073,Witch,Nhan,VotePrecision,0.0,Werewolves
073,Villager,Cong,VotePrecision,0.0,Werewolves
073,Villager,Nam,VotePrecision,0.0,Werewolves
073,Seer,Jin,VotePrecision,0.0,Werewolves
073,Guard,Hoang,VotePrecision,0.0,Werewolves
073,AllVillagers,round_1,WolfVoteShare,0.0,Werewolves
073,AllVillagers,round_2,WolfVoteShare,0.0,Werewolves
073,Werewolf,Riley,WolfVotePrecision,1.0,Werewolves
073,Werewolf,Meg,WolfVotePrecision,1.0,Werewolves
074,Villager,Nhan,WIA,0.09999999999999998,Werewolves
074,Villager,Cong,WIA,0.09999999999999998,Werewolves
074,Seer,Nam,WIA,0.09999999999999998,Werewolves
074,Guard,Jin,WIA,0.09999999999999998,Werewolves
074,Witch,Hoang,WIA,0.09999999999999998,Werewolves
074,Villager,Nhan,Brier,0.25,Werewolves
074,Villager,Cong,Brier,0.3954166666666667,Werewolves
074,Seer,Nam,Brier,0.25,Werewolves
074,Guard,Jin,Brier,0.6133333333333333,Werewolves
074,Witch,Hoang,Brier,0.5399999999999999,Werewolves
074,Villager,Cong,VotePrecision,0.0,Werewolves
074,Seer,Nam,VotePrecision,0.0,Werewolves
074,Guard,Jin,VotePrecision,0.0,Werewolves
074,Witch,Hoang,VotePrecision,0.0,Werewolves
074,AllVillagers,round_1,WolfVoteShare,0.0,Werewolves
074,Werewolf,Riley,WolfVotePrecision,1.0,Werewolves
074,Werewolf,Meg,WolfVotePrecision,1.0,Werewolves
075,Villager,Nhan,WIA,0.25,Werewolves
075,Seer,Cong,WIA,0.35,Werewolves
075,Guard,Nam,WIA,0.275,Werewolves
075,Witch,Jin,WIA,0.3,Werewolves
075,Villager,Hoang,WIA,0.3,Werewolves
075,Villager,Nhan,Brier,0.5503,Werewolves
075,Seer,Cong,Brier,0.2983333333333334,Werewolves
075,Guard,Nam,Brier,0.5583666666666667,Werewolves
075,Witch,Jin,Brier,0.3695833333333333,Werewolves
075,Villager,Hoang,Brier,0.45585000000000003,Werewolves
075,Seer,Cong,ConvergenceRound,2.0,Werewolves
075,Villager,Hoang,ConvergenceRound,2.0,Werewolves
075,Villager,Nhan,ConvergenceRound,2.0,Werewolves
075,Witch,Jin,ConvergenceRound,2.0,Werewolves
075,Guard,Nam,ConvergenceRound,2.0,Werewolves
075,Villager,Nhan,VotePrecision,0.3333333333333333,Werewolves
075,Seer,Cong,VotePrecision,1.0,Werewolves
075,Guard,Nam,VotePrecision,0.3333333333333333,Werewolves
075,Witch,Jin,VotePrecision,0.5,Werewolves
075,Villager,Hoang,VotePrecision,0.3333333333333333,Werewolves
075,AllVillagers,round_1,WolfVoteShare,1.0,Werewolves
075,AllVillagers,round_2,WolfVoteShare,0.0,Werewolves
075,AllVillagers,round_3,WolfVoteShare,0.0,Werewolves
075,Werewolf,Riley,WolfVotePrecision,1.0,Werewolves
075,Werewolf,Meg,WolfVotePrecision,1.0,Werewolves
076,Seer,Nhan,WIA,0.09999999999999998,Werewolves
076,Guard,Cong,WIA,0.19999999999999998,Werewolves
076,Witch,Nam,WIA,0.09999999999999998,Werewolves
076,Villager,Jin,WIA,0.09999999999999998,Werewolves
076,Villager,Hoang,WIA,0.19999999999999998,Werewolves
076,Seer,Nhan,Brier,0.3954166666666667,Werewolves
076,Guard,Cong,Brier,0.3267333333333333,Werewolves
076,Witch,Nam,Brier,0.25,Werewolves
076,Villager,Jin,Brier,0.4354166666666666,Werewolves
076,Villager,Hoang,Brier,0.3858333333333333,Werewolves
076,Seer,Nhan,VotePrecision,0.0,Werewolves
076,Guard,Cong,VotePrecision,0.0,Werewolves
076,Witch,Nam,VotePrecision,0.0,Werewolves
076,Villager,Jin,VotePrecision,0.0,Werewolves
076,Villager,Hoang,VotePrecision,0.0,Werewolves
076,AllVillagers,round_1,WolfVoteShare,0.0,Werewolves
076,AllVillagers,round_2,WolfVoteShare,0.0,Werewolves
076,Werewolf,Riley,WolfVotePrecision,1.0,Werewolves
076,Werewolf,Meg,WolfVotePrecision,1.0,Werewolves
077,Guard,Nhan,WIA,0.09999999999999998,Werewolves
077,Witch,Cong,WIA,0.09999999999999998,Werewolves
077,Villager,Nam,WIA,0.09999999999999998,Werewolves
077,Villager,Jin,WIA,0.19999999999999998,Werewolves
077,Seer,Hoang,WIA,0.19999999999999998,Werewolves
077,Guard,Nhan,Brier,0.25,Werewolves
077,Witch,Cong,Brier,0.41208333333333336,Werewolves
077,Villager,Nam,Brier,0.41416666666666674,Werewolves
077,Villager,Jin,Brier,0.38375,Werewolves
077,Seer,Hoang,Brier,0.33208333333333334,Werewolves
077,Guard,Nhan,VotePrecision,0.0,Werewolves
077,Witch,Cong,VotePrecision,0.0,Werewolves
077,Villager,Nam,VotePrecision,0.0,Werewolves
077,Villager,Jin,VotePrecision,0.0,Werewolves
077,Seer,Hoang,VotePrecision,0.0,Werewolves
077,AllVillagers,round_1,WolfVoteShare,0.0,Werewolves
077,Werewolf,Riley,WolfVotePrecision,1.0,Werewolves
077,Werewolf,Meg,WolfVotePrecision,1.0,Werewolves
078,Witch,Nhan,WIA,0.19999999999999998,Werewolves
078,Villager,Cong,WIA,0.09999999999999998,Werewolves
078,Villager,Nam,WIA,0.09999999999999998,Werewolves
078,Seer,Jin,WIA,0.09999999999999998,Werewolves
078,Guard,Hoang,WIA,0.09999999999999998,Werewolves
078,Witch,Nhan,Brier,0.2574166666666667,Werewolves
078,Villager,Cong,Brier,0.36041666666666666,Werewolves
078,Villager,Nam,Brier,0.3958333333333333,Werewolves
078,Seer,Jin,Brier,0.25,Werewolves
078,Guard,Hoang,Brier,0.39375,Werewolves
078,Witch,Nhan,VotePrecision,0.0,Werewolves
078,Villager,Cong,VotePrecision,0.0,Werewolves
078,Villager,Nam,VotePrecision,0.0,Werewolves
078,Seer,Jin,VotePrecision,0.0,Werewolves
078,Guard,Hoang,VotePrecision,0.0,Werewolves
078,AllVillagers,round_1,WolfVoteShare,0.0,Werewolves
078,Werewolf,Riley,WolfVotePrecision,1.0,Werewolves
078,Werewolf,Meg,WolfVotePrecision,1.0,Werewolves
079,Villager,Nhan,WIA,0.09999999999999998,Werewolves
079,Villager,Cong,WIA,0.19999999999999998,Werewolves
079,Seer,Nam,WIA,0.4000000000000001,Werewolves
079,Guard,Jin,WIA,0.3,Werewolves
079,Witch,Hoang,WIA,0.09999999999999998,Werewolves
079,Villager,Nhan,Brier,0.25,Werewolves
079,Villager,Cong,Brier,0.37083333333333335,Werewolves
079,Seer,Nam,Brier,0.36876666666666663,Werewolves
079,Guard,Jin,Brier,0.5973,Werewolves
079,Witch,Hoang,Brier,0.25,Werewolves
079,Villager,Cong,ConvergenceRound,3.0,Werewolves
079,Guard,Jin,ConvergenceRound,3.0,Werewolves
079,Seer,Nam,ConvergenceRound,3.0,Werewolves
079,Villager,Cong,VotePrecision,0.3333333333333333,Werewolves
079,Seer,Nam,VotePrecision,0.5,Werewolves
079,Guard,Jin,VotePrecision,0.3333333333333333,Werewolves
079,Witch,Hoang,VotePrecision,0.0,Werewolves
079,AllVillagers,round_1,WolfVoteShare,0.0,Werewolves
079,AllVillagers,round_2,WolfVoteShare,1.0,Werewolves
079,AllVillagers,round_3,WolfVoteShare,0.0,Werewolves
079,Werewolf,Riley,WolfVotePrecision,1.0,Werewolves
079,Werewolf,Meg,WolfVotePrecision,1.0,Werewolves
080,Villager,Nhan,WIA,0.3,Werewolves
080,Seer,Cong,WIA,0.09999999999999998,Werewolves
080,Guard,Nam,WIA,0.24999999999999997,Werewolves
080,Witch,Jin,WIA,0.3666666666666667,Werewolves
080,Villager,Hoang,WIA,0.3333333333333333,Werewolves
080,Villager,Nhan,Brier,0.2808333333333333,Werewolves
080,Seer,Cong,Brier,0.25,Werewolves
080,Guard,Nam,Brier,0.41291666666666665,Werewolves
080,Witch,Jin,Brier,0.5325166666666666,Werewolves
080,Villager,Hoang,Brier,0.5138166666666667,Werewolves
080,Villager,Hoang,ConvergenceRound,2.0,Werewolves
080,Villager,Nhan,ConvergenceRound,2.0,Werewolves
080,Witch,Jin,ConvergenceRound,2.0,Werewolves
080,Guard,Nam,ConvergenceRound,2.0,Werewolves
080,Villager,Nhan,VotePrecision,0.0,Werewolves
080,Seer,Cong,VotePrecision,1.0,Werewolves
080,Guard,Nam,VotePrecision,0.0,Werewolves
080,Witch,Jin,VotePrecision,0.5,Werewolves
080,Villager,Hoang,VotePrecision,0.0,Werewolves
080,AllVillagers,round_1,WolfVoteShare,0.4,Werewolves
080,AllVillagers,round_2,WolfVoteShare,0.0,Werewolves
080,Werewolf,Riley,WolfVotePrecision,1.0,Werewolves
080,Werewolf,Meg,WolfVotePrecision,1.0,Werewolves
081,Seer,Nhan,WIA,0.09999999999999998,Werewolves
081,Guard,Cong,WIA,0.09999999999999998,Werewolves
081,Witch,Nam,WIA,0.19999999999999998,Werewolves
081,Villager,Jin,WIA,0.09999999999999998,Werewolves
081,Villager,Hoang,WIA,0.3,Werewolves
081,Seer,Nhan,Brier,0.25,Werewolves
081,Guard,Cong,Brier,0.38916666666666666,Werewolves
081,Witch,Nam,Brier,0.37166666666666676,Werewolves
081,Villager,Jin,Brier,0.37000000000000005,Werewolves
081,Villager,Hoang,Brier,0.2233333333333333,Werewolves
081,Seer,Nhan,VotePrecision,0.0,Werewolves
081,Guard,Cong,VotePrecision,0.0,Werewolves
081,Witch,Nam,VotePrecision,0.0,Werewolves
081,Villager,Jin,VotePrecision,0.0,Werewolves
081,Villager,Hoang,VotePrecision,0.0,Werewolves
081,AllVillagers,round_1,WolfVoteShare,0.0,Werewolves
081,AllVillagers,round_2,WolfVoteShare,0.0,Werewolves
081,Werewolf,Riley,WolfVotePrecision,1.0,Werewolves
081,Werewolf,Meg,WolfVotePrecision,1.0,Werewolves
082,Guard,Nhan,WIA,0.09999999999999998,Werewolves
082,Witch,Cong,WIA,0.19999999999999998,Werewolves
082,Villager,Nam,WIA,0.09999999999999998,Werewolves
082,Villager,Jin,WIA,0.09999999999999998,Werewolves
082,Seer,Hoang,WIA,0.09999999999999998,Werewolves
082,Guard,Nhan,Brier,0.5325000000000001,Werewolves
082,Witch,Cong,Brier,0.3758333333333333,Werewolves
082,Villager,Nam,Brier,0.42375,Werewolves
082,Villager,Jin,Brier,0.4741666666666666,Werewolves
082,Seer,Hoang,Brier,0.25,Werewolves
082,Guard,Nhan,VotePrecision,0.0,Werewolves
082,Witch,Cong,VotePrecision,0.0,Werewolves
082,Villager,Nam,VotePrecision,0.0,Werewolves
082,Villager,Jin,VotePrecision,0.0,Werewolves
082,Seer,Hoang,VotePrecision,0.0,Werewolves
082,AllVillagers,round_1,WolfVoteShare,0.0,Werewolves
082,AllVillagers,round_2,WolfVoteShare,0.0,Werewolves
082,Werewolf,Riley,WolfVotePrecision,1.0,Werewolves
082,Werewolf,Meg,WolfVotePrecision,1.0,Werewolves
083,Witch,Nhan,WIA,0.3,Werewolves
083,Villager,Cong,WIA,0.19999999999999998,Werewolves
083,Villager,Nam,WIA,0.09999999999999998,Werewolves
083,Seer,Jin,WIA,0.3,Werewolves
083,Guard,Hoang,WIA,0.09999999999999998,Werewolves
083,Witch,Nhan,Brier,0.2870833333333333,Werewolves
083,Villager,Cong,Brier,0.34041666666666665,Werewolves
083,Villager,Nam,Brier,0.3658333333333333,Werewolves
083,Seer,Jin,Brier,0.29041666666666666,Werewolves
083,Guard,Hoang,Brier,0.25,Werewolves
083,Witch,Nhan,VotePrecision,0.0,Werewolves
083,Villager,Cong,VotePrecision,0.0,Werewolves
083,Villager,Nam,VotePrecision,0.0,Werewolves
083,Seer,Jin,VotePrecision,0.0,Werewolves
083,Guard,Hoang,VotePrecision,0.0,Werewolves
083,AllVillagers,round_1,WolfVoteShare,0.0,Werewolves
083,Werewolf,Riley,WolfVotePrecision,1.0,Werewolves
083,Werewolf,Meg,WolfVotePrecision,1.0,Werewolves
084,Villager,Nhan,WIA,0.3,Werewolves
084,Villager,Cong,WIA,0.19999999999999998,Werewolves
084,Seer,Nam,WIA,0.09999999999999998,Werewolves
084,Guard,Jin,WIA,0.09999999999999998,Werewolves
084,Witch,Hoang,WIA,0.09999999999999998,Werewolves
084,Villager,Nhan,Brier,0.31083333333333335,Werewolves
084,Villager,Cong,Brier,0.40923333333333334,Werewolves
084,Seer,Nam,Brier,0.25,Werewolves
084,Guard,Jin,Brier,0.5804833333333334,Werewolves
084,Witch,Hoang,Brier,0.48923333333333335,Werewolves
084,Villager,Nhan,VotePrecision,0.0,Werewolves
084,Villager,Cong,VotePrecision,0.0,Werewolves
084,Seer,Nam,VotePrecision,0.0,Werewolves
084,Guard,Jin,VotePrecision,0.0,Werewolves
084,Witch,Hoang,VotePrecision,0.0,Werewolves
084,AllVillagers,round_1,WolfVoteShare,0.0,Werewolves
084,AllVillagers,round_2,WolfVoteShare,0.0,Werewolves
084,Werewolf,Riley,WolfVotePrecision,1.0,Werewolves
084,Werewolf,Meg,WolfVotePrecision,1.0,Werewolves
